1;valid;2022-06-07 09:05:12.480505;first;2022-06-07 09:05:16.862775;
1;valid;AAAAAAAAAAAAAAAAAAAAAAAAAA;other;2022-06-07 09:05:21.659560;
1;valid;BBBBBBBBBBBBBBBBBBBBBBBBBB;last;2022-06-07 09:05:26.385090;
1;valid;2022-06-07 09:05:22.497564;first;2022-06-07 09:05:37.966888;
1;valid;AAAAAAAAAAAAAAAAAAAAAAAAAA;other;2022-06-07 09:05:42.768715;
1;valid;BBBBBBBBBBBBBBBBBBBBBBBBBB;last;2022-06-07 09:05:47.466122;
1;valid;2022-06-07 09:05:42.541385;first;2022-06-07 09:06:21.347895;
1;valid;AAAAAAAAAAAAAAAAAAAAAAAAAA;other;2022-06-07 09:06:26.117449;
1;valid;BBBBBBBBBBBBBBBBBBBBBBBBBB;last;2022-06-07 09:06:30.895603;
1;valid;2022-06-07 09:05:52.566694;first;2022-06-07 09:06:52.519969;
1;valid;2022-06-07 09:06:02.584925;first;2022-06-07 09:07:04.910615;
1;valid;AAAAAAAAAAAAAAAAAAAAAAAAAA;other;2022-06-07 09:07:33.494931;
1;valid;BBBBBBBBBBBBBBBBBBBBBBBBBB;last;2022-06-07 09:07:52.537854;
1;valid;2022-06-07 09:06:12.605388;first;2022-06-07 09:08:19.059516;
1;valid;AAAAAAAAAAAAAAAAAAAAAAAAAA;first;2022-06-07 09:08:26.773346;
1;valid;BBBBBBBBBBBBBBBBBBBBBBBBBB;last;2022-06-07 09:08:41.086551;
1;valid;2022-06-07 09:06:22.633453;first;2022-06-07 09:08:58.459620;
1;valid;2022-06-07 09:06:32.647783;first;2022-06-07 09:09:20.909111;
1;valid;AAAAAAAAAAAAAAAAAAAAAAAAAA;other;2022-06-07 09:09:45.273903;
1;valid;BBBBBBBBBBBBBBBBBBBBBBBBBB;last;2022-06-07 09:09:50.050974;
1;valid;2022-06-07 09:06:42.657788;first;2022-06-07 09:10:12.172109;
1;valid;AAAAAAAAAAAAAAAAAAAAAAAAAA;other;2022-06-07 09:10:37.283423;
1;valid;2022-06-07 09:06:52.668909;first;2022-06-07 09:10:44.826690;
1;valid;AAAAAAAAAAAAAAAAAAAAAAAAAA;other;2022-06-07 09:10:49.636387;
1;valid;BBBBBBBBBBBBBBBBBBBBBBBBBB;last;2022-06-07 09:11:13.794636;
1;valid;AAAAAAAAAAAAAAAAAAAAAAAAAA;multi_received;
1;valid;BBBBBBBBBBBBBBBBBBBBBBBBBB;last;2022-06-07 09:12:00.271101;
1;valid;2022-06-07 09:07:02.685135;first;2022-06-07 09:12:07.569724;
1;valid;AAAAAAAAAAAAAAAAAAAAAAAAAA;other;2022-06-07 09:12:17.311923;
1;valid;2022-06-07 09:07:12.708639;first;2022-06-07 09:12:39.652732;
1;valid;AAAAAAAAAAAAAAAAAAAAAAAAAA;other;2022-06-07 09:12:44.389726;
1;valid;2022-06-07 09:07:22.734187;first;2022-06-07 09:13:11.527599;
1;valid;AAAAAAAAAAAAAAAAAAAAAAAAAA;other;2022-06-07 09:13:20.907500;
1;valid;BBBBBBBBBBBBBBBBBBBBBBBBBB;last;2022-06-07 09:13:40.497632;
1;valid;2022-06-07 09:07:42.780996;first;2022-06-07 09:14:19.647354;
1;valid;AAAAAAAAAAAAAAAAAAAAAAAAAA;other;2022-06-07 09:14:34.179146;
1;valid;BBBBBBBBBBBBBBBBBBBBBBBBBB;last;2022-06-07 09:14:43.776273;
1;valid;2022-06-07 09:07:52.817330;first;2022-06-07 09:15:06.707768;
1;valid;2022-06-07 09:08:02.844136;first;2022-06-07 09:15:33.083754;
1;valid;AAAAAAAAAAAAAAAAAAAAAAAAAA;other;2022-06-07 09:15:52.401328;
1;valid;2022-06-07 09:08:12.855326;first;2022-06-07 09:16:04.917685;
1;valid;AAAAAAAAAAAAAAAAAAAAAAAAAA;other;2022-06-07 09:16:19.023393;
1;valid;BBBBBBBBBBBBBBBBBBBBBBBBBB;last;2022-06-07 09:16:33.409726;
1;valid;AAAAAAAAAAAAAAAAAAAAAAAAAA;multi_received;
1;valid;BBBBBBBBBBBBBBBBBBBBBBBBBB;last;2022-06-07 09:17:04.408560;
1;valid;2022-06-07 09:08:22.867273;first;2022-06-07 09:17:31.957961;
1;valid;AAAAAAAAAAAAAAAAAAAAAAAAAA;other;2022-06-07 09:18:06.381289;
1;valid;BBBBBBBBBBBBBBBBBBBBBBBBBB;last;2022-06-07 09:18:11.078123;
1;valid;2022-06-07 09:08:32.881953;first;2022-06-07 09:18:28.293568;
1;valid;2022-06-07 09:08:42.899510;first;2022-06-07 09:18:55.106739;
1;valid;AAAAAAAAAAAAAAAAAAAAAAAAAA;other;2022-06-07 09:19:19.378823;
1;valid;BBBBBBBBBBBBBBBBBBBBBBBBBB;last;2022-06-07 09:19:24.095066;
1;valid;2022-06-07 09:08:52.917280;first;2022-06-07 09:19:50.835080;
1;valid;2022-06-07 09:09:02.924505;first;2022-06-07 09:20:37.980621;
1;valid;AAAAAAAAAAAAAAAAAAAAAAAAAA;other;2022-06-07 09:20:42.705609;
1;valid;BBBBBBBBBBBBBBBBBBBBBBBBBB;last;2022-06-07 09:21:07.761198;
1;valid;AAAAAAAAAAAAAAAAAAAAAAAAAA;multi_received;
1;valid;2022-06-07 09:09:12.934855;first;2022-06-07 09:21:47.136601;
1;valid;AAAAAAAAAAAAAAAAAAAAAAAAAA;other;2022-06-07 09:22:11.172045;
1;valid;2022-06-07 09:09:22.956024;first;2022-06-07 09:22:18.417101;
1;valid;AAAAAAAAAAAAAAAAAAAAAAAAAA;other;2022-06-07 09:22:37.664585;
1;valid;BBBBBBBBBBBBBBBBBBBBBBBBBB;last;2022-06-07 09:22:47.201042;
1;valid;2022-06-07 09:09:32.982301;first;2022-06-07 09:23:09.777777;
1;valid;AAAAAAAAAAAAAAAAAAAAAAAAAA;other;2022-06-07 09:23:14.494130;
1;valid;2022-06-07 09:09:42.996158;first;2022-06-07 09:23:41.245856;
1;valid;AAAAAAAAAAAAAAAAAAAAAAAAAA;other;2022-06-07 09:23:55.772846;
1;valid;BBBBBBBBBBBBBBBBBBBBBBBBBB;last;2022-06-07 09:24:05.445833;
1;valid;2022-06-07 09:09:53.011440;first;2022-06-07 09:24:26.983463;
1;valid;AAAAAAAAAAAAAAAAAAAAAAAAAA;other;2022-06-07 09:24:36.284352;
1;valid;BBBBBBBBBBBBBBBBBBBBBBBBBB;last;2022-06-07 09:24:40.838278;
1;valid;2022-06-07 09:10:03.014177;first;2022-06-07 09:24:47.682669;
1;valid;AAAAAAAAAAAAAAAAAAAAAAAAAA;other;2022-06-07 09:24:52.161537;
1;valid;BBBBBBBBBBBBBBBBBBBBBBBBBB;last;2022-06-07 09:24:56.769889;
1;valid;2022-06-07 09:10:13.026041;first;2022-06-07 09:25:13.669542;
1;valid;2022-06-07 09:10:23.035311;first;2022-06-07 09:25:50.799815;
1;valid;AAAAAAAAAAAAAAAAAAAAAAAAAA;other;2022-06-07 09:25:55.566982;
1;valid;BBBBBBBBBBBBBBBBBBBBBBBBBB;last;2022-06-07 09:26:00.291459;
1;valid;2022-06-07 09:10:33.048030;first;2022-06-07 09:26:27.172709;
1;valid;AAAAAAAAAAAAAAAAAAAAAAAAAA;other;2022-06-07 09:26:42.122792;
1;valid;BBBBBBBBBBBBBBBBBBBBBBBBBB;last;2022-06-07 09:26:46.807130;
1;valid;BBBBBBBBBBBBBBBBBBBBBBBBBB;multi_received;
1;valid;2022-06-07 09:10:43.054572;first;2022-06-07 09:27:25.802622;
1;valid;AAAAAAAAAAAAAAAAAAAAAAAAAA;other;2022-06-07 09:27:59.825313;
1;valid;2022-06-07 09:10:53.080579;first;2022-06-07 09:28:07.447182;
1;valid;AAAAAAAAAAAAAAAAAAAAAAAAAA;other;2022-06-07 09:28:41.124637;
1;valid;2022-06-07 09:11:03.094178;first;2022-06-07 09:29:03.456355;
1;valid;2022-06-07 09:11:13.104435;first;2022-06-07 09:29:25.861465;
1;valid;AAAAAAAAAAAAAAAAAAAAAAAAAA;other;2022-06-07 09:29:44.929211;
1;valid;BBBBBBBBBBBBBBBBBBBBBBBBBB;last;2022-06-07 09:30:09.375124;
1;valid;2022-06-07 09:11:23.115348;first;2022-06-07 09:30:26.213598;
1;valid;2022-06-07 09:11:33.137273;first;2022-06-07 09:30:59.143237;
1;valid;2022-06-07 09:11:43.158445;first;2022-06-07 09:31:26.451948;
1;valid;AAAAAAAAAAAAAAAAAAAAAAAAAA;other;2022-06-07 09:31:40.910567;
1;valid;BBBBBBBBBBBBBBBBBBBBBBBBBB;last;2022-06-07 09:31:45.616804;
1;valid;2022-06-07 09:11:53.184723;first;2022-06-07 09:32:02.782631;
1;valid;2022-06-07 09:12:03.197868;first;2022-06-07 09:32:59.189659;
1;valid;2022-06-07 09:12:23.224608;first;2022-06-07 09:33:38.941059;
1;valid;AAAAAAAAAAAAAAAAAAAAAAAAAA;other;2022-06-07 09:33:48.403046;
1;valid;BBBBBBBBBBBBBBBBBBBBBBBBBB;last;2022-06-07 09:34:02.703430;
1;valid;2022-06-07 09:12:33.236387;first;2022-06-07 09:34:30.014097;
1;valid;AAAAAAAAAAAAAAAAAAAAAAAAAA;other;2022-06-07 09:34:34.768085;
1;valid;BBBBBBBBBBBBBBBBBBBBBBBBBB;last;2022-06-07 09:34:59.593400;
1;valid;BBBBBBBBBBBBBBBBBBBBBBBBBB;full;2022-06-07 09:35:06.879584;
1;valid;2022-06-07 09:12:43.244728;first;2022-06-07 09:35:33.966258;
1;valid;AAAAAAAAAAAAAAAAAAAAAAAAAA;other;2022-06-07 09:35:43.518240;
1;invalid;2022-06-07 09:35:48.998810
1;valid;BBBBBBBBBBBBBBBBBBBBBBBBBB;last;2022-06-07 09:35:58.653135;
1;valid;2022-06-07 09:12:53.257453;first;2022-06-07 09:36:16.043839;
1;valid;2022-06-07 09:13:03.269776;first;2022-06-07 09:36:43.158558;
1;valid;AAAAAAAAAAAAAAAAAAAAAAAAAA;other;2022-06-07 09:36:47.869920;
1;valid;BBBBBBBBBBBBBBBBBBBBBBBBBB;last;2022-06-07 09:37:07.209001;
1;valid;BBBBBBBBBBBBBBBBBBBBBBBBBB;full;2022-06-07 09:37:38.678446;
1;valid;2022-06-07 09:13:13.286029;first;2022-06-07 09:38:04.798084;
1;valid;AAAAAAAAAAAAAAAAAAAAAAAAAA;other;2022-06-07 09:38:09.507858;
1;valid;BBBBBBBBBBBBBBBBBBBBBBBBBB;last;2022-06-07 09:38:24.478089;
1;valid;2022-06-07 09:13:23.307234;first;2022-06-07 09:38:41.765400;
1;valid;AAAAAAAAAAAAAAAAAAAAAAAAAA;other;2022-06-07 09:38:51.284324;
1;valid;BBBBBBBBBBBBBBBBBBBBBBBBBB;last;2022-06-07 09:38:55.982428;
1;valid;2022-06-07 09:13:33.315188;first;2022-06-07 09:39:22.314569;
1;valid;AAAAAAAAAAAAAAAAAAAAAAAAAA;other;2022-06-07 09:39:31.824627;
1;valid;2022-06-07 09:13:43.326134;first;2022-06-07 09:39:54.382217;
1;valid;AAAAAAAAAAAAAAAAAAAAAAAAAA;other;2022-06-07 09:39:59.162547;
1;valid;BBBBBBBBBBBBBBBBBBBBBBBBBB;last;2022-06-07 09:40:08.776052;
1;valid;2022-06-07 09:13:53.335472;first;2022-06-07 09:40:20.916097;
1;valid;AAAAAAAAAAAAAAAAAAAAAAAAAA;other;2022-06-07 09:40:30.552743;
1;valid;BBBBBBBBBBBBBBBBBBBBBBBBBB;last;2022-06-07 09:40:55.340267;
1;valid;2022-06-07 09:14:03.345370;first;2022-06-07 09:41:02.565899;
1;invalid;2022-06-07 09:41:11.938476
1;valid;AAAAAAAAAAAAAAAAAAAAAAAAAA;first;2022-06-07 09:41:49.382345;
1;valid;2022-06-07 09:14:13.357554;first;2022-06-07 09:42:06.643469;
1;valid;2022-06-07 09:14:33.376636;first;2022-06-07 09:42:51.467272;
1;valid;AAAAAAAAAAAAAAAAAAAAAAAAAA;other;2022-06-07 09:42:55.840645;
1;valid;BBBBBBBBBBBBBBBBBBBBBBBBBB;last;2022-06-07 09:43:00.313784;
1;valid;2022-06-07 09:14:43.389284;first;2022-06-07 09:43:16.484310;
1;valid;AAAAAAAAAAAAAAAAAAAAAAAAAA;other;2022-06-07 09:43:21.078294;
1;valid;BBBBBBBBBBBBBBBBBBBBBBBBBB;last;2022-06-07 09:43:25.623560;
1;valid;2022-06-07 09:14:53.407085;first;2022-06-07 09:43:46.926311;
1;valid;2022-06-07 09:15:03.417809;first;2022-06-07 09:43:59.420122;
1;valid;AAAAAAAAAAAAAAAAAAAAAAAAAA;other;2022-06-07 09:44:09.073106;
1;valid;BBBBBBBBBBBBBBBBBBBBBBBBBB;last;2022-06-07 09:44:13.912527;
1;valid;2022-06-07 09:15:13.431231;first;2022-06-07 09:44:26.086768;
1;valid;2022-06-07 09:15:23.447241;first;2022-06-07 09:45:03.501544;
1;valid;AAAAAAAAAAAAAAAAAAAAAAAAAA;first;2022-06-07 09:45:44.833536;
1;valid;2022-06-07 09:15:33.466020;first;2022-06-07 09:46:27.083111;
1;valid;2022-06-07 09:15:43.478983;first;2022-06-07 09:46:49.910936;
1;valid;AAAAAAAAAAAAAAAAAAAAAAAAAA;other;2022-06-07 09:46:59.281895;
1;valid;2022-06-07 09:15:53.498614;first;2022-06-07 09:47:26.382005;
1;valid;AAAAAAAAAAAAAAAAAAAAAAAAAA;other;2022-06-07 09:47:40.659833;
1;valid;BBBBBBBBBBBBBBBBBBBBBBBBBB;last;2022-06-07 09:47:45.468765;
1;valid;BBBBBBBBBBBBBBBBBBBBBBBBBB;full;2022-06-07 09:48:12.503866;
1;valid;2022-06-07 09:16:03.514467;first;2022-06-07 09:48:29.342465;
1;valid;2022-06-07 09:16:13.526513;first;2022-06-07 09:49:11.442781;
1;valid;AAAAAAAAAAAAAAAAAAAAAAAAAA;other;2022-06-07 09:49:35.643727;
1;valid;BBBBBBBBBBBBBBBBBBBBBBBBBB;last;2022-06-07 09:49:40.419740;
1;valid;2022-06-07 09:16:23.535414;first;2022-06-07 09:50:07.752497;
1;valid;AAAAAAAAAAAAAAAAAAAAAAAAAA;other;2022-06-07 09:50:12.462955;
1;valid;BBBBBBBBBBBBBBBBBBBBBBBBBB;last;2022-06-07 09:50:17.146542;
1;valid;2022-06-07 09:16:33.554503;first;2022-06-07 09:50:33.969888;
1;valid;2022-06-07 09:16:43.575023;first;2022-06-07 09:51:20.513356;
1;valid;AAAAAAAAAAAAAAAAAAAAAAAAAA;other;2022-06-07 09:51:45.410012;
1;valid;BBBBBBBBBBBBBBBBBBBBBBBBBB;last;2022-06-07 09:51:50.137874;
1;valid;2022-06-07 09:17:03.598322;first;2022-06-07 09:52:38.747190;
1;valid;AAAAAAAAAAAAAAAAAAAAAAAAAA;other;2022-06-07 09:52:43.483621;
1;valid;BBBBBBBBBBBBBBBBBBBBBBBBBB;last;2022-06-07 09:52:48.252809;
1;valid;2022-06-07 09:17:13.617682;first;2022-06-07 09:53:00.438968;
1;valid;AAAAAAAAAAAAAAAAAAAAAAAAAA;other;2022-06-07 09:53:25.346542;
1;valid;2022-06-07 09:17:23.626516;first;2022-06-07 09:53:32.968770;
1;valid;AAAAAAAAAAAAAAAAAAAAAAAAAA;other;2022-06-07 09:53:37.726505;
1;valid;BBBBBBBBBBBBBBBBBBBBBBBBBB;last;2022-06-07 09:53:51.747901;
1;valid;2022-06-07 09:17:33.637554;first;2022-06-07 09:54:08.280483;
1;valid;AAAAAAAAAAAAAAAAAAAAAAAAAA;other;2022-06-07 09:54:13.038696;
1;valid;BBBBBBBBBBBBBBBBBBBBBBBBBB;last;2022-06-07 09:54:17.709494;
1;valid;2022-06-07 09:17:43.658742;first;2022-06-07 09:54:29.948522;
1;valid;AAAAAAAAAAAAAAAAAAAAAAAAAA;other;2022-06-07 09:54:34.714626;
1;valid;BBBBBBBBBBBBBBBBBBBBBBBBBB;last;2022-06-07 09:54:39.523602;
1;valid;2022-06-07 09:17:53.685037;first;2022-06-07 09:55:16.424850;
1;valid;AAAAAAAAAAAAAAAAAAAAAAAAAA;other;2022-06-07 09:55:41.256206;
1;valid;2022-06-07 09:18:03.711274;first;2022-06-07 09:55:48.957478;
1;valid;AAAAAAAAAAAAAAAAAAAAAAAAAA;other;2022-06-07 09:56:08.381031;
1;valid;BBBBBBBBBBBBBBBBBBBBBBBBBB;last;2022-06-07 09:56:13.161527;
1;valid;2022-06-07 09:18:13.737564;first;2022-06-07 09:56:30.373686;
1;valid;2022-06-07 09:18:23.758360;first;2022-06-07 09:57:02.063912;
1;valid;AAAAAAAAAAAAAAAAAAAAAAAAAA;other;2022-06-07 09:57:21.465899;
1;valid;BBBBBBBBBBBBBBBBBBBBBBBBBB;last;2022-06-07 09:57:26.089458;
1;valid;2022-06-07 09:18:43.787286;first;2022-06-07 09:58:25.488620;
1;valid;AAAAAAAAAAAAAAAAAAAAAAAAAA;first;2022-06-07 09:58:47.338850;
1;valid;BBBBBBBBBBBBBBBBBBBBBBBBBB;last;2022-06-07 09:59:06.913867;
1;valid;2022-06-07 09:18:53.799828;first;2022-06-07 09:59:24.038355;
1;valid;AAAAAAAAAAAAAAAAAAAAAAAAAA;other;2022-06-07 09:59:33.730863;
1;valid;BBBBBBBBBBBBBBBBBBBBBBBBBB;last;2022-06-07 10:00:07.462668;
1;valid;2022-06-07 09:19:03.807924;first;2022-06-07 10:00:15.033631;
1;valid;2022-06-07 09:19:13.831340;first;2022-06-07 10:01:01.614372;
1;valid;AAAAAAAAAAAAAAAAAAAAAAAAAA;other;2022-06-07 10:01:06.410178;
1;valid;BBBBBBBBBBBBBBBBBBBBBBBBBB;last;2022-06-07 10:01:35.192028;
1;valid;2022-06-07 09:19:23.847732;first;2022-06-07 10:01:42.694803;
1;valid;2022-06-07 09:19:43.882827;first;2022-06-07 10:02:42.254802;
1;valid;AAAAAAAAAAAAAAAAAAAAAAAAAA;other;2022-06-07 10:02:51.857292;
1;valid;BBBBBBBBBBBBBBBBBBBBBBBBBB;last;2022-06-07 10:03:01.358125;
1;valid;2022-06-07 09:19:53.895840;first;2022-06-07 10:03:24.815771;
1;valid;AAAAAAAAAAAAAAAAAAAAAAAAAA;other;2022-06-07 10:03:34.448668;
1;valid;2022-06-07 09:20:03.908619;first;2022-06-07 10:03:56.773100;
1;valid;AAAAAAAAAAAAAAAAAAAAAAAAAA;other;2022-06-07 10:04:01.511641;
1;valid;BBBBBBBBBBBBBBBBBBBBBBBBBB;last;2022-06-07 10:04:11.053696;
1;valid;2022-06-07 09:20:13.924116;first;2022-06-07 10:04:22.996237;
1;valid;AAAAAAAAAAAAAAAAAAAAAAAAAA;other;2022-06-07 10:04:42.212660;
1;valid;BBBBBBBBBBBBBBBBBBBBBBBBBB;last;2022-06-07 10:04:56.740555;
1;valid;2022-06-07 09:20:23.935831;first;2022-06-07 10:05:14.125674;
1;valid;BBBBBBBBBBBBBBBBBBBBBBBBBB;full;2022-06-07 10:05:50.724294;
1;valid;2022-06-07 09:20:33.946017;first;2022-06-07 10:06:23.377886;
1;valid;2022-06-07 09:20:43.955405;first;2022-06-07 10:06:36.396966;
1;valid;2022-06-07 09:20:53.978355;first;2022-06-07 10:07:04.475836;
1;valid;AAAAAAAAAAAAAAAAAAAAAAAAAA;other;2022-06-07 10:07:23.389983;
1;valid;BBBBBBBBBBBBBBBBBBBBBBBBBB;last;2022-06-07 10:07:38.361582;
1;valid;2022-06-07 09:21:14.006753;first;2022-06-07 10:08:22.854194;
1;valid;AAAAAAAAAAAAAAAAAAAAAAAAAA;other;2022-06-07 10:08:27.624418;
1;valid;BBBBBBBBBBBBBBBBBBBBBBBBBB;last;2022-06-07 10:08:42.097476;
1;valid;2022-06-07 09:21:34.043312;first;2022-06-07 10:09:45.543594;
1;valid;BBBBBBBBBBBBBBBBBBBBBBBBBB;full;2022-06-07 10:09:53.141426;
1;valid;2022-06-07 09:21:44.059754;first;2022-06-07 10:10:20.466516;
1;valid;AAAAAAAAAAAAAAAAAAAAAAAAAA;other;2022-06-07 10:10:30.649821;
1;valid;BBBBBBBBBBBBBBBBBBBBBBBBBB;last;2022-06-07 10:10:35.354599;
1;valid;BBBBBBBBBBBBBBBBBBBBBBBBBB;full;2022-06-07 10:10:47.525756;
1;valid;BBBBBBBBBBBBBBBBBBBBBBBBBB;full;2022-06-07 10:11:13.764451;
1;valid;AAAAAAAAAAAAAAAAAAAAAAAAAA;first;2022-06-07 10:11:21.285579;
1;valid;BBBBBBBBBBBBBBBBBBBBBBBBBB;last;2022-06-07 10:11:41.161648;
1;valid;BBBBBBBBBBBBBBBBBBBBBBBBBB;full;2022-06-07 10:11:58.553785;
1;valid;BBBBBBBBBBBBBBBBBBBBBBBBBB;full;2022-06-07 10:12:20.756952;
1;valid;AAAAAAAAAAAAAAAAAAAAAAAAAA;first;2022-06-07 10:12:42.168944;
1;valid;BBBBBBBBBBBBBBBBBBBBBBBBBB;last;2022-06-07 10:12:46.860782;
1;valid;AAAAAAAAAAAAAAAAAAAAAAAAAA;first;2022-06-07 10:13:13.911255;
1;valid;BBBBBBBBBBBBBBBBBBBBBBBBBB;last;2022-06-07 10:13:18.612188;
1;valid;AAAAAAAAAAAAAAAAAAAAAAAAAA;first;2022-06-07 10:13:45.685702;
1;valid;BBBBBBBBBBBBBBBBBBBBBBBBBB;last;2022-06-07 10:13:55.141971;
1;valid;BBBBBBBBBBBBBBBBBBBBBBBBBB;full;2022-06-07 10:14:22.948295;
1;valid;AAAAAAAAAAAAAAAAAAAAAAAAAA;first;2022-06-07 10:14:45.479670;
1;valid;AAAAAAAAAAAAAAAAAAAAAAAAAA;first;2022-06-07 10:15:17.290561;
1;valid;BBBBBBBBBBBBBBBBBBBBBBBBBB;last;2022-06-07 10:15:26.827301;
1;valid;AAAAAAAAAAAAAAAAAAAAAAAAAA;first;2022-06-07 10:15:58.589123;
1;valid;BBBBBBBBBBBBBBBBBBBBBBBBBB;full;2022-06-07 10:16:15.528712;
1;valid;AAAAAAAAAAAAAAAAAAAAAAAAAA;first;2022-06-07 10:16:42.835311;
1;valid;BBBBBBBBBBBBBBBBBBBBBBBBBB;last;2022-06-07 10:16:57.492189;
1;valid;BBBBBBBBBBBBBBBBBBBBBBBBBB;full;2022-06-07 10:17:14.838125;
1;valid;AAAAAAAAAAAAAAAAAAAAAAAAAA;first;2022-06-07 10:17:54.543523;
1;valid;AAAAAAAAAAAAAAAAAAAAAAAAAA;first;2022-06-07 10:18:16.627581;
1;valid;BBBBBBBBBBBBBBBBBBBBBBBBBB;last;2022-06-07 10:18:21.373636;
1;valid;BBBBBBBBBBBBBBBBBBBBBBBBBB;full;2022-06-07 10:18:33.681508;
1;valid;BBBBBBBBBBBBBBBBBBBBBBBBBB;full;2022-06-07 10:19:06.411423;
1;valid;BBBBBBBBBBBBBBBBBBBBBBBBBB;full;2022-06-07 10:19:23.055193;
1;valid;AAAAAAAAAAAAAAAAAAAAAAAAAA;first;2022-06-07 10:19:35.209188;
1;valid;BBBBBBBBBBBBBBBBBBBBBBBBBB;last;2022-06-07 10:19:45.313758;
1;valid;BBBBBBBBBBBBBBBBBBBBBBBBBB;full;2022-06-07 10:19:57.497052;
1;valid;AAAAAAAAAAAAAAAAAAAAAAAAAA;first;2022-06-07 10:20:19.812370;
1;valid;BBBBBBBBBBBBBBBBBBBBBBBBBB;last;2022-06-07 10:20:24.574059;
1;valid;BBBBBBBBBBBBBBBBBBBBBBBBBB;full;2022-06-07 10:20:46.141546;
1;valid;AAAAAAAAAAAAAAAAAAAAAAAAAA;first;2022-06-07 10:21:03.082502;
1;valid;BBBBBBBBBBBBBBBBBBBBBBBBBB;last;2022-06-07 10:21:12.597005;
1;valid;BBBBBBBBBBBBBBBBBBBBBBBBBB;full;2022-06-07 10:22:01.953351;
1;valid;BBBBBBBBBBBBBBBBBBBBBBBBBB;full;2022-06-07 10:22:09.224761;
1;valid;AAAAAAAAAAAAAAAAAAAAAAAAAA;first;2022-06-07 10:22:20.891614;
1;valid;BBBBBBBBBBBBBBBBBBBBBBBBBB;last;2022-06-07 10:22:25.664619;
1;valid;AAAAAAAAAAAAAAAAAAAAAAAAAA;first;2022-06-07 10:22:47.009151;
1;valid;BBBBBBBBBBBBBBBBBBBBBBBBBB;last;2022-06-07 10:22:51.842464;
1;valid;BBBBBBBBBBBBBBBBBBBBBBBBBB;full;2022-06-07 10:23:18.837653;
1;valid;2022-06-07 10:01:54.187033;first;2022-06-07 10:23:45.082083;
1;valid;2022-06-07 10:01:59.204331;first;2022-06-07 10:23:52.712923;
1;valid;2022-06-07 10:02:04.226659;first;2022-06-07 10:24:54.671906;
1;valid;AAAAAAAAAAAAAAAAAAAAAAAAAA;other;2022-06-07 10:25:14.273091;
1;valid;BBBBBBBBBBBBBBBBBBBBBBBBBB;last;2022-06-07 10:25:29.143712;
1;valid;AAAAAAAAAAAAAAAAAAAAAAAAAA;first;2022-06-07 10:25:46.193058;
1;valid;BBBBBBBBBBBBBBBBBBBBBBBBBB;last;2022-06-07 10:25:55.900225;
1;valid;2022-06-07 10:02:09.239811;first;2022-06-07 10:26:17.979907;
1;valid;AAAAAAAAAAAAAAAAAAAAAAAAAA;other;2022-06-07 10:26:27.374669;
1;valid;BBBBBBBBBBBBBBBBBBBBBBBBBB;last;2022-06-07 10:26:42.103121;
1;valid;2022-06-07 10:02:19.290879;first;2022-06-07 10:27:45.905115;
1;valid;2022-06-07 10:02:24.317186;first;2022-06-07 10:27:58.284741;
1;valid;2022-06-07 10:02:29.335353;first;2022-06-07 10:28:40.399931;
1;valid;2022-06-07 10:02:34.355402;first;2022-06-07 10:29:20.241211;
1;valid;AAAAAAAAAAAAAAAAAAAAAAAAAA;other;2022-06-07 10:29:25.034904;
1;valid;BBBBBBBBBBBBBBBBBBBBBBBBBB;last;2022-06-07 10:29:49.194721;
1;valid;2022-06-07 10:02:39.377149;first;2022-06-07 10:30:01.448310;
1;valid;2022-06-07 10:02:44.404232;first;2022-06-07 10:30:38.279598;
1;valid;AAAAAAAAAAAAAAAAAAAAAAAAAA;other;2022-06-07 10:30:52.566171;
1;valid;BBBBBBBBBBBBBBBBBBBBBBBBBB;last;2022-06-07 10:31:02.147786;
1;valid;2022-06-07 10:02:49.426439;first;2022-06-07 10:31:23.697767;
1;valid;2022-06-07 10:02:54.444711;first;2022-06-07 10:31:51.073764;
1;valid;2022-06-07 10:03:04.489218;first;2022-06-07 10:32:49.657399;
1;valid;2022-06-07 10:03:09.511224;first;2022-06-07 10:33:26.365496;
1;valid;2022-06-07 10:03:14.529633;first;2022-06-07 10:33:57.977799;
1;valid;2022-06-07 10:03:19.551608;first;2022-06-07 10:34:25.266477;
1;valid;AAAAAAAAAAAAAAAAAAAAAAAAAA;other;2022-06-07 10:34:39.587811;
1;valid;BBBBBBBBBBBBBBBBBBBBBBBBBB;last;2022-06-07 10:34:49.146356;
1;valid;2022-06-07 10:03:24.576330;first;2022-06-07 10:35:16.184326;
1;valid;2022-06-07 10:03:29.603085;first;2022-06-07 10:35:37.653225;
1;valid;2022-06-07 10:03:39.640648;first;2022-06-07 10:36:41.918496;
1;valid;2022-06-07 10:03:44.668204;first;2022-06-07 10:36:59.071444;
1;valid;2022-06-07 10:03:49.688064;first;2022-06-07 10:37:31.150771;
1;valid;AAAAAAAAAAAAAAAAAAAAAAAAAA;other;2022-06-07 10:37:40.584906;
1;valid;BBBBBBBBBBBBBBBBBBBBBBBBBB;last;2022-06-07 10:37:45.323425;
1;valid;BBBBBBBBBBBBBBBBBBBBBBBBBB;full;2022-06-07 10:37:57.695159;
1;valid;2022-06-07 10:03:59.729322;first;2022-06-07 10:39:06.993267;
1;valid;2022-06-07 10:04:04.748538;first;2022-06-07 10:39:29.062396;
1;valid;AAAAAAAAAAAAAAAAAAAAAAAAAA;other;2022-06-07 10:39:43.289707;
1;valid;BBBBBBBBBBBBBBBBBBBBBBBBBB;last;2022-06-07 10:39:52.697913;
1;valid;2022-06-07 10:04:09.772737;first;2022-06-07 10:40:09.275545;
1;valid;AAAAAAAAAAAAAAAAAAAAAAAAAA;other;2022-06-07 10:40:19.343891;
1;valid;BBBBBBBBBBBBBBBBBBBBBBBBBB;last;2022-06-07 10:40:34.342946;
1;valid;2022-06-07 10:04:24.845177;first;2022-06-07 10:41:46.333434;
1;valid;2022-06-07 10:04:29.867927;first;2022-06-07 10:42:37.871779;
1;valid;AAAAAAAAAAAAAAAAAAAAAAAAAA;other;2022-06-07 10:42:52.606953;
1;valid;BBBBBBBBBBBBBBBBBBBBBBBBBB;last;2022-06-07 10:43:21.470801;
1;valid;2022-06-07 10:04:34.885361;first;2022-06-07 10:43:28.756519;
1;valid;AAAAAAAAAAAAAAAAAAAAAAAAAA;other;2022-06-07 10:44:03.493182;
1;valid;BBBBBBBBBBBBBBBBBBBBBBBBBB;last;2022-06-07 10:44:28.245379;
1;valid;2022-06-07 10:04:39.908111;first;2022-06-07 10:44:45.553097;
1;valid;2022-06-07 10:04:44.931477;first;2022-06-07 10:45:17.870058;
1;valid;2022-06-07 10:04:49.948177;first;2022-06-07 10:45:35.125274;
1;valid;AAAAAAAAAAAAAAAAAAAAAAAAAA;other;2022-06-07 10:45:49.867877;
1;valid;BBBBBBBBBBBBBBBBBBBBBBBBBB;last;2022-06-07 10:46:14.416924;
1;valid;2022-06-07 10:04:54.967334;first;2022-06-07 10:46:21.958758;
1;valid;2022-06-07 10:04:59.992633;first;2022-06-07 10:47:03.528238;
1;valid;2022-06-07 10:05:05.010285;first;2022-06-07 10:47:15.923482;
1;valid;2022-06-07 10:05:15.071111;first;2022-06-07 10:48:14.985869;
1;valid;AAAAAAAAAAAAAAAAAAAAAAAAAA;other;2022-06-07 10:48:43.677611;
1;valid;2022-06-07 10:05:20.090812;first;2022-06-07 10:48:51.311312;
1;valid;2022-06-07 10:05:25.108890;first;2022-06-07 10:49:28.985734;
1;valid;AAAAAAAAAAAAAAAAAAAAAAAAAA;other;2022-06-07 10:49:48.263099;
1;valid;BBBBBBBBBBBBBBBBBBBBBBBBBB;last;2022-06-07 10:50:12.591029;
1;valid;2022-06-07 10:05:30.129296;first;2022-06-07 10:50:29.747168;
1;valid;2022-06-07 10:05:35.146181;first;2022-06-07 10:50:56.357514;
1;valid;AAAAAAAAAAAAAAAAAAAAAAAAAA;other;2022-06-07 10:51:21.293565;
1;valid;BBBBBBBBBBBBBBBBBBBBBBBBBB;last;2022-06-07 10:51:40.950479;
1;valid;AAAAAAAAAAAAAAAAAAAAAAAAAA;first;2022-06-07 10:51:53.433601;
1;valid;BBBBBBBBBBBBBBBBBBBBBBBBBB;last;2022-06-07 10:52:08.129905;
1;valid;2022-06-07 10:05:40.170099;first;2022-06-07 10:52:40.179911;
1;valid;AAAAAAAAAAAAAAAAAAAAAAAAAA;other;2022-06-07 10:52:59.967759;
1;valid;BBBBBBBBBBBBBBBBBBBBBBBBBB;last;2022-06-07 10:53:19.675543;
1;valid;2022-06-07 10:05:45.189479;first;2022-06-07 10:53:37.633599;
1;valid;2022-06-07 10:05:50.211906;first;2022-06-07 10:54:05.478196;
1;valid;2022-06-07 10:05:55.236100;first;2022-06-07 10:54:29.358085;
1;valid;AAAAAAAAAAAAAAAAAAAAAAAAAA;other;2022-06-07 10:54:49.632998;
1;valid;2022-06-07 10:06:00.255911;first;2022-06-07 10:55:06.433729;
1;valid;AAAAAAAAAAAAAAAAAAAAAAAAAA;other;2022-06-07 10:55:16.408620;
1;valid;BBBBBBBBBBBBBBBBBBBBBBBBBB;last;2022-06-07 10:55:35.499707;
1;valid;2022-06-07 10:06:05.276026;first;2022-06-07 10:55:47.981169;
1;valid;2022-06-07 10:06:10.297856;first;2022-06-07 10:56:16.441294;
1;valid;2022-06-07 10:06:15.316813;first;2022-06-07 10:56:49.792523;
1;valid;2022-06-07 10:06:20.339382;first;2022-06-07 10:57:25.988154;
1;invalid;2022-06-07 10:57:30.280511
1;valid;2022-06-07 10:06:25.361384;first;2022-06-07 10:58:04.244812;
1;valid;AAAAAAAAAAAAAAAAAAAAAAAAAA;other;2022-06-07 10:58:19.576635;
1;valid;2022-06-07 10:06:30.385746;first;2022-06-07 10:58:47.057586;
1;valid;AAAAAAAAAAAAAAAAAAAAAAAAAA;other;2022-06-07 10:59:11.566961;
1;valid;BBBBBBBBBBBBBBBBBBBBBBBBBB;last;2022-06-07 10:59:31.425367;
1;valid;AAAAAAAAAAAAAAAAAAAAAAAAAA;first;2022-06-07 10:59:43.623914;
1;valid;2022-06-07 10:06:35.404663;first;2022-06-07 11:00:11.044950;
1;valid;AAAAAAAAAAAAAAAAAAAAAAAAAA;other;2022-06-07 11:00:35.888964;
1;valid;BBBBBBBBBBBBBBBBBBBBBBBBBB;last;2022-06-07 11:01:05.843953;
1;valid;2022-06-07 10:06:40.423545;first;2022-06-07 11:01:38.627398;
1;valid;2022-06-07 10:06:45.443340;first;2022-06-07 11:02:00.999181;
1;valid;2022-06-07 10:06:55.492405;first;2022-06-07 11:02:45.944321;
1;valid;AAAAAAAAAAAAAAAAAAAAAAAAAA;first;2022-06-07 11:03:37.868751;
1;valid;BBBBBBBBBBBBBBBBBBBBBBBBBB;last;2022-06-07 11:04:02.983337;
1;valid;2022-06-07 10:07:00.511316;first;2022-06-07 11:04:20.942175;
1;valid;AAAAAAAAAAAAAAAAAAAAAAAAAA;other;2022-06-07 11:04:41.220740;
1;valid;2022-06-07 10:07:05.535477;first;2022-06-07 11:04:59.107118;
1;valid;AAAAAAAAAAAAAAAAAAAAAAAAAA;other;2022-06-07 11:05:18.949584;
1;valid;2022-06-07 10:07:10.556510;first;2022-06-07 11:05:31.398009;
1;valid;AAAAAAAAAAAAAAAAAAAAAAAAAA;other;2022-06-07 11:05:51.033239;
1;valid;2022-06-07 10:07:15.593708;first;2022-06-07 11:06:34.001686;
1;valid;AAAAAAAAAAAAAAAAAAAAAAAAAA;other;2022-06-07 11:06:53.865981;
1;valid;2022-06-07 10:07:20.615717;first;2022-06-07 11:07:21.507337;
1;valid;2022-06-07 10:07:25.636790;first;2022-06-07 11:07:39.623247;
1;valid;AAAAAAAAAAAAAAAAAAAAAAAAAA;other;2022-06-07 11:08:04.528130;
1;valid;BBBBBBBBBBBBBBBBBBBBBBBBBB;last;2022-06-07 11:08:14.192558;
1;valid;2022-06-07 10:07:30.669135;first;2022-06-07 11:08:56.895616;
1;valid;AAAAAAAAAAAAAAAAAAAAAAAAAA;other;2022-06-07 11:09:12.046320;
1;valid;2022-06-07 10:07:35.691445;first;2022-06-07 11:09:35.492457;
1;valid;2022-06-07 10:07:40.713703;first;2022-06-07 11:10:08.504418;
1;valid;2022-06-07 10:07:45.732326;first;2022-06-07 11:10:26.542651;
1;valid;2022-06-07 10:07:50.754286;first;2022-06-07 11:11:04.412566;
1;valid;2022-06-07 10:07:55.777065;first;2022-06-07 11:11:50.925573;
1;valid;AAAAAAAAAAAAAAAAAAAAAAAAAA;other;2022-06-07 11:12:06.322152;
1;valid;2022-06-07 10:08:00.812412;first;2022-06-07 11:12:43.881504;
1;valid;2022-06-07 10:08:05.836943;first;2022-06-07 11:13:15.646474;
1;valid;AAAAAAAAAAAAAAAAAAAAAAAAAA;other;2022-06-07 11:13:35.517110;
1;valid;2022-06-07 10:08:10.856924;first;2022-06-07 11:13:53.703741;
1;valid;AAAAAAAAAAAAAAAAAAAAAAAAAA;first;2022-06-07 11:14:53.575459;
1;valid;2022-06-07 10:08:20.899262;first;2022-06-07 11:15:45.180252;
1;valid;2022-06-07 10:08:25.920581;first;2022-06-07 11:15:52.777434;
1;valid;AAAAAAAAAAAAAAAAAAAAAAAAAA;other;2022-06-07 11:15:57.474620;
1;valid;BBBBBBBBBBBBBBBBBBBBBBBBBB;last;2022-06-07 11:16:02.144987;
1;valid;2022-06-07 10:08:30.937609;first;2022-06-07 11:16:23.606516;
1;valid;AAAAAAAAAAAAAAAAAAAAAAAAAA;other;2022-06-07 11:16:28.379834;
1;valid;BBBBBBBBBBBBBBBBBBBBBBBBBB;last;2022-06-07 11:16:33.049093;
1;valid;2022-06-07 10:08:35.963335;first;2022-06-07 11:16:49.604157;
1;valid;AAAAAAAAAAAAAAAAAAAAAAAAAA;other;2022-06-07 11:16:54.290456;
1;valid;BBBBBBBBBBBBBBBBBBBBBBBBBB;last;2022-06-07 11:16:58.870822;
1;valid;2022-06-07 10:08:40.987833;first;2022-06-07 11:17:10.297945;
1;valid;AAAAAAAAAAAAAAAAAAAAAAAAAA;other;2022-06-07 11:17:14.985293;
1;valid;BBBBBBBBBBBBBBBBBBBBBBBBBB;last;2022-06-07 11:17:19.548669;
1;valid;2022-06-07 10:08:46.006796;first;2022-06-07 11:17:26.341728;
1;valid;AAAAAAAAAAAAAAAAAAAAAAAAAA;other;2022-06-07 11:17:31.143674;
1;valid;BBBBBBBBBBBBBBBBBBBBBBBBBB;last;2022-06-07 11:17:45.268129;
1;valid;2022-06-07 10:08:51.026550;first;2022-06-07 11:18:16.082986;
1;valid;2022-06-07 10:08:56.050923;first;2022-06-07 11:18:48.264767;
1;valid;AAAAAAAAAAAAAAAAAAAAAAAAAA;other;2022-06-07 11:18:52.826247;
1;valid;BBBBBBBBBBBBBBBBBBBBBBBBBB;last;2022-06-07 11:18:57.399099;
1;valid;2022-06-07 10:09:01.072099;first;2022-06-07 11:19:14.148272;
1;valid;AAAAAAAAAAAAAAAAAAAAAAAAAA;other;2022-06-07 11:19:18.850065;
1;valid;BBBBBBBBBBBBBBBBBBBBBBBBBB;last;2022-06-07 11:19:23.552501;
1;valid;2022-06-07 10:09:06.094411;first;2022-06-07 11:19:35.170678;
1;valid;AAAAAAAAAAAAAAAAAAAAAAAAAA;other;2022-06-07 11:19:53.664196;
1;valid;BBBBBBBBBBBBBBBBBBBBBBBBBB;last;2022-06-07 11:19:58.323619;
1;valid;2022-06-07 10:09:11.116696;first;2022-06-07 11:20:14.988428;
1;valid;AAAAAAAAAAAAAAAAAAAAAAAAAA;other;2022-06-07 11:20:19.752136;
1;valid;BBBBBBBBBBBBBBBBBBBBBBBBBB;last;2022-06-07 11:20:24.408628;
1;valid;2022-06-07 10:09:16.139015;first;2022-06-07 11:20:36.465018;
1;valid;AAAAAAAAAAAAAAAAAAAAAAAAAA;other;2022-06-07 11:20:41.063123;
1;valid;BBBBBBBBBBBBBBBBBBBBBBBBBB;last;2022-06-07 11:20:45.560606;
1;valid;2022-06-07 10:09:21.161306;first;2022-06-07 11:21:06.425625;
1;valid;AAAAAAAAAAAAAAAAAAAAAAAAAA;other;2022-06-07 11:21:11.167081;
1;valid;BBBBBBBBBBBBBBBBBBBBBBBBBB;last;2022-06-07 11:21:15.957560;
1;valid;AAAAAAAAAAAAAAAAAAAAAAAAAA;first;2022-06-07 11:21:46.871544;
1;valid;2022-06-07 10:09:26.180815;first;2022-06-07 11:21:54.241302;
1;valid;AAAAAAAAAAAAAAAAAAAAAAAAAA;other;2022-06-07 11:21:58.962184;
1;valid;BBBBBBBBBBBBBBBBBBBBBBBBBB;last;2022-06-07 11:22:03.671937;
1;valid;2022-06-07 10:09:31.201822;first;2022-06-07 11:22:30.440212;
1;valid;AAAAAAAAAAAAAAAAAAAAAAAAAA;other;2022-06-07 11:22:39.747835;
1;valid;BBBBBBBBBBBBBBBBBBBBBBBBBB;last;2022-06-07 11:22:44.258536;
1;valid;2022-06-07 10:09:36.225536;first;2022-06-07 11:22:55.817608;
1;valid;AAAAAAAAAAAAAAAAAAAAAAAAAA;other;2022-06-07 11:23:00.553028;
1;valid;BBBBBBBBBBBBBBBBBBBBBBBBBB;last;2022-06-07 11:23:05.192358;
1;valid;2022-06-07 10:09:41.252272;first;2022-06-07 11:23:16.665810;
1;valid;AAAAAAAAAAAAAAAAAAAAAAAAAA;other;2022-06-07 11:23:21.281498;
1;valid;BBBBBBBBBBBBBBBBBBBBBBBBBB;last;2022-06-07 11:23:25.932595;
1;valid;2022-06-07 10:09:46.278447;first;2022-06-07 11:23:47.439258;
1;valid;AAAAAAAAAAAAAAAAAAAAAAAAAA;other;2022-06-07 11:23:52.065764;
1;valid;BBBBBBBBBBBBBBBBBBBBBBBBBB;last;2022-06-07 11:23:56.638862;
1;valid;AAAAAAAAAAAAAAAAAAAAAAAAAA;first;2022-06-07 11:24:12.653982;
1;valid;BBBBBBBBBBBBBBBBBBBBBBBBBB;last;2022-06-07 11:24:17.402231;
1;valid;2022-06-07 10:09:56.328713;first;2022-06-07 11:25:01.347624;
1;valid;AAAAAAAAAAAAAAAAAAAAAAAAAA;other;2022-06-07 11:25:06.065984;
1;valid;BBBBBBBBBBBBBBBBBBBBBBBBBB;last;2022-06-07 11:25:10.705885;
1;valid;2022-06-07 10:10:01.351195;first;2022-06-07 11:25:17.540431;
1;valid;AAAAAAAAAAAAAAAAAAAAAAAAAA;other;2022-06-07 11:25:22.176777;
1;valid;BBBBBBBBBBBBBBBBBBBBBBBBBB;last;2022-06-07 11:25:26.735412;
1;valid;2022-06-07 10:10:06.377132;first;2022-06-07 11:25:53.067914;
1;valid;2022-06-07 10:10:11.399309;first;2022-06-07 11:26:00.740113;
1;valid;AAAAAAAAAAAAAAAAAAAAAAAAAA;other;2022-06-07 11:26:05.549967;
1;valid;BBBBBBBBBBBBBBBBBBBBBBBBBB;last;2022-06-07 11:26:24.698546;
1;valid;BBBBBBBBBBBBBBBBBBBBBBBBBB;full;2022-06-07 11:26:31.587894;
1;valid;BBBBBBBBBBBBBBBBBBBBBBBBBB;full;2022-06-07 11:26:57.183623;
1;valid;BBBBBBBBBBBBBBBBBBBBBBBBBB;full;2022-06-07 11:27:03.948999;
1;valid;AAAAAAAAAAAAAAAAAAAAAAAAAA;first;2022-06-07 11:27:24.974724;
1;valid;BBBBBBBBBBBBBBBBBBBBBBBBBB;last;2022-06-07 11:27:29.640714;
1;valid;BBBBBBBBBBBBBBBBBBBBBBBBBB;full;2022-06-07 11:27:36.433125;
1;valid;AAAAAAAAAAAAAAAAAAAAAAAAAA;first;2022-06-07 11:27:43.185165;
1;valid;BBBBBBBBBBBBBBBBBBBBBBBBBB;last;2022-06-07 11:27:47.844457;
1;valid;AAAAAAAAAAAAAAAAAAAAAAAAAA;first;2022-06-07 11:28:36.055952;
1;valid;BBBBBBBBBBBBBBBBBBBBBBBBBB;last;2022-06-07 11:28:40.794392;
1;valid;AAAAAAAAAAAAAAAAAAAAAAAAAA;first;2022-06-07 11:28:52.267524;
1;valid;BBBBBBBBBBBBBBBBBBBBBBBBBB;last;2022-06-07 11:28:56.725186;
1;valid;BBBBBBBBBBBBBBBBBBBBBBBBBB;full;2022-06-07 11:29:17.529942;
1;valid;AAAAAAAAAAAAAAAAAAAAAAAAAA;first;2022-06-07 11:29:39.367702;
1;valid;BBBBBBBBBBBBBBBBBBBBBBBBBB;last;2022-06-07 11:29:43.949303;
1;valid;AAAAAAAAAAAAAAAAAAAAAAAAAA;first;2022-06-07 11:29:50.814649;
1;valid;BBBBBBBBBBBBBBBBBBBBBBBBBB;last;2022-06-07 11:29:55.436353;
1;valid;AAAAAAAAAAAAAAAAAAAAAAAAAA;first;2022-06-07 11:30:07.008981;
1;valid;BBBBBBBBBBBBBBBBBBBBBBBBBB;last;2022-06-07 11:30:11.705328;
1;valid;AAAAAAAAAAAAAAAAAAAAAAAAAA;first;2022-06-07 11:30:47.007522;
1;valid;BBBBBBBBBBBBBBBBBBBBBBBBBB;last;2022-06-07 11:30:51.700791;
1;valid;BBBBBBBBBBBBBBBBBBBBBBBBBB;full;2022-06-07 11:31:03.132528;
1;valid;AAAAAAAAAAAAAAAAAAAAAAAAAA;first;2022-06-07 11:31:09.909048;
1;valid;BBBBBBBBBBBBBBBBBBBBBBBBBB;last;2022-06-07 11:31:19.111078;
1;valid;AAAAAAAAAAAAAAAAAAAAAAAAAA;first;2022-06-07 11:31:30.761182;
1;valid;BBBBBBBBBBBBBBBBBBBBBBBBBB;last;2022-06-07 11:31:35.366945;
1;valid;AAAAAAAAAAAAAAAAAAAAAAAAAA;first;2022-06-07 11:31:51.848450;
1;valid;BBBBBBBBBBBBBBBBBBBBBBBBBB;last;2022-06-07 11:31:56.299999;
1;valid;AAAAAAAAAAAAAAAAAAAAAAAAAA;first;2022-06-07 11:32:12.387436;
1;valid;BBBBBBBBBBBBBBBBBBBBBBBBBB;last;2022-06-07 11:32:17.087714;
1;valid;AAAAAAAAAAAAAAAAAAAAAAAAAA;first;2022-06-07 11:32:23.921456;
1;valid;BBBBBBBBBBBBBBBBBBBBBBBBBB;last;2022-06-07 11:32:28.694694;
1;valid;AAAAAAAAAAAAAAAAAAAAAAAAAA;first;2022-06-07 11:32:49.930183;
1;valid;BBBBBBBBBBBBBBBBBBBBBBBBBB;last;2022-06-07 11:32:54.642954;
1;valid;BBBBBBBBBBBBBBBBBBBBBBBBBB;full;2022-06-07 11:33:06.250226;
1;valid;AAAAAAAAAAAAAAAAAAAAAAAAAA;first;2022-06-07 11:33:33.248969;
1;valid;BBBBBBBBBBBBBBBBBBBBBBBBBB;last;2022-06-07 11:33:38.020278;
1;valid;AAAAAAAAAAAAAAAAAAAAAAAAAA;first;2022-06-07 11:33:44.885386;
1;valid;BBBBBBBBBBBBBBBBBBBBBBBBBB;last;2022-06-07 11:33:49.448322;
1;valid;AAAAAAAAAAAAAAAAAAAAAAAAAA;first;2022-06-07 11:34:25.204396;
1;valid;BBBBBBBBBBBBBBBBBBBBBBBBBB;last;2022-06-07 11:34:29.808241;
1;valid;AAAAAAAAAAAAAAAAAAAAAAAAAA;first;2022-06-07 11:34:46.535496;
1;valid;BBBBBBBBBBBBBBBBBBBBBBBBBB;last;2022-06-07 11:34:51.237022;
1;valid;BBBBBBBBBBBBBBBBBBBBBBBBBB;full;2022-06-07 11:34:58.003076;
1;valid;AAAAAAAAAAAAAAAAAAAAAAAAAA;first;2022-06-07 11:35:19.260026;
1;valid;BBBBBBBBBBBBBBBBBBBBBBBBBB;last;2022-06-07 11:35:23.757198;
1;valid;AAAAAAAAAAAAAAAAAAAAAAAAAA;first;2022-06-07 11:35:58.820841;
1;valid;BBBBBBBBBBBBBBBBBBBBBBBBBB;last;2022-06-07 11:36:03.553267;
1;valid;AAAAAAAAAAAAAAAAAAAAAAAAAA;first;2022-06-07 11:36:14.893092;
1;valid;BBBBBBBBBBBBBBBBBBBBBBBBBB;last;2022-06-07 11:36:19.441791;
1;valid;AAAAAAAAAAAAAAAAAAAAAAAAAA;first;2022-06-07 11:36:40.332082;
1;valid;BBBBBBBBBBBBBBBBBBBBBBBBBB;last;2022-06-07 11:36:45.005563;
1;valid;AAAAAAAAAAAAAAAAAAAAAAAAAA;first;2022-06-07 11:37:02.056416;
1;valid;AAAAAAAAAAAAAAAAAAAAAAAAAA;first;2022-06-07 11:37:24.137019;
1;valid;BBBBBBBBBBBBBBBBBBBBBBBBBB;last;2022-06-07 11:37:43.310306;
1;valid;BBBBBBBBBBBBBBBBBBBBBBBBBB;full;2022-06-07 11:37:54.785961;
1;valid;AAAAAAAAAAAAAAAAAAAAAAAAAA;first;2022-06-07 11:38:21.118537;
1;valid;BBBBBBBBBBBBBBBBBBBBBBBBBB;last;2022-06-07 11:38:25.690034;
1;valid;2022-06-07 10:50:16.528109;first;2022-06-07 11:38:37.161387;
1;valid;AAAAAAAAAAAAAAAAAAAAAAAAAA;other;2022-06-07 11:38:41.735933;
1;valid;BBBBBBBBBBBBBBBBBBBBBBBBBB;last;2022-06-07 11:38:46.438553;
1;valid;2022-06-07 10:50:17.546979;first;2022-06-07 11:39:12.790166;
1;valid;AAAAAAAAAAAAAAAAAAAAAAAAAA;other;2022-06-07 11:39:17.563064;
1;valid;BBBBBBBBBBBBBBBBBBBBBBBBBB;last;2022-06-07 11:39:22.233604;
1;valid;2022-06-07 10:50:18.555522;first;2022-06-07 11:39:39.263865;
1;valid;AAAAAAAAAAAAAAAAAAAAAAAAAA;other;2022-06-07 11:39:43.717020;
1;valid;BBBBBBBBBBBBBBBBBBBBBBBBBB;last;2022-06-07 11:39:48.374688;
1;valid;2022-06-07 10:50:19.579109;first;2022-06-07 11:39:59.866471;
1;valid;AAAAAAAAAAAAAAAAAAAAAAAAAA;other;2022-06-07 11:40:04.604190;
1;valid;BBBBBBBBBBBBBBBBBBBBBBBBBB;last;2022-06-07 11:40:09.358351;
1;valid;2022-06-07 10:50:20.599308;first;2022-06-07 11:40:31.439014;
1;valid;AAAAAAAAAAAAAAAAAAAAAAAAAA;other;2022-06-07 11:40:36.209659;
1;valid;BBBBBBBBBBBBBBBBBBBBBBBBBB;last;2022-06-07 11:41:04.876786;
1;valid;2022-06-07 10:50:21.624724;first;2022-06-07 11:41:17.013809;
1;valid;AAAAAAAAAAAAAAAAAAAAAAAAAA;other;2022-06-07 11:41:21.627999;
1;valid;BBBBBBBBBBBBBBBBBBBBBBBBBB;last;2022-06-07 11:41:26.296312;
1;valid;2022-06-07 10:50:22.643332;first;2022-06-07 11:41:33.577956;
1;valid;AAAAAAAAAAAAAAAAAAAAAAAAAA;other;2022-06-07 11:41:43.044458;
1;valid;2022-06-07 10:50:23.661903;first;2022-06-07 11:42:15.513652;
1;valid;AAAAAAAAAAAAAAAAAAAAAAAAAA;other;2022-06-07 11:42:29.562869;
1;valid;BBBBBBBBBBBBBBBBBBBBBBBBBB;last;2022-06-07 11:42:44.631182;
1;valid;2022-06-07 10:50:25.706816;first;2022-06-07 11:43:28.932162;
1;valid;AAAAAAAAAAAAAAAAAAAAAAAAAA;other;2022-06-07 11:43:53.287895;
1;valid;BBBBBBBBBBBBBBBBBBBBBBBBBB;last;2022-06-07 11:44:07.192389;
1;valid;2022-06-07 10:50:26.721844;first;2022-06-07 11:44:23.960740;
1;valid;AAAAAAAAAAAAAAAAAAAAAAAAAA;other;2022-06-07 11:44:28.547979;
1;valid;BBBBBBBBBBBBBBBBBBBBBBBBBB;last;2022-06-07 11:44:42.309844;
1;valid;2022-06-07 10:50:27.739372;first;2022-06-07 11:44:53.783551;
1;valid;AAAAAAAAAAAAAAAAAAAAAAAAAA;other;2022-06-07 11:44:58.386229;
1;valid;BBBBBBBBBBBBBBBBBBBBBBBBBB;last;2022-06-07 11:45:03.069345;
1;valid;2022-06-07 10:50:28.759028;first;2022-06-07 11:45:14.371944;
1;valid;AAAAAAAAAAAAAAAAAAAAAAAAAA;other;2022-06-07 11:45:19.111834;
1;valid;BBBBBBBBBBBBBBBBBBBBBBBBBB;last;2022-06-07 11:45:23.747930;
1;valid;2022-06-07 10:50:29.771497;first;2022-06-07 11:45:35.153007;
1;valid;AAAAAAAAAAAAAAAAAAAAAAAAAA;other;2022-06-07 11:45:39.686261;
1;valid;BBBBBBBBBBBBBBBBBBBBBBBBBB;last;2022-06-07 11:45:44.200710;
1;valid;2022-06-07 10:50:30.784820;first;2022-06-07 11:46:06.042667;
1;valid;2022-06-07 10:50:31.807965;first;2022-06-07 11:46:28.045763;
1;valid;AAAAAAAAAAAAAAAAAAAAAAAAAA;other;2022-06-07 11:46:32.558847;
1;valid;BBBBBBBBBBBBBBBBBBBBBBBBBB;last;2022-06-07 11:46:37.156662;
1;valid;2022-06-07 10:50:32.826944;first;2022-06-07 11:47:03.728661;
1;valid;AAAAAAAAAAAAAAAAAAAAAAAAAA;other;2022-06-07 11:47:08.379769;
1;valid;BBBBBBBBBBBBBBBBBBBBBBBBBB;last;2022-06-07 11:47:13.042047;
1;valid;2022-06-07 10:50:33.849504;first;2022-06-07 11:47:29.536674;
1;valid;AAAAAAAAAAAAAAAAAAAAAAAAAA;other;2022-06-07 11:47:34.169014;
1;valid;BBBBBBBBBBBBBBBBBBBBBBBBBB;last;2022-06-07 11:47:38.825684;
1;valid;2022-06-07 10:50:34.862537;first;2022-06-07 11:48:10.599917;
1;valid;AAAAAAAAAAAAAAAAAAAAAAAAAA;other;2022-06-07 11:48:15.337574;
1;valid;BBBBBBBBBBBBBBBBBBBBBBBBBB;last;2022-06-07 11:48:39.979634;
1;valid;2022-06-07 10:50:35.875775;first;2022-06-07 11:48:47.518153;
1;valid;2022-06-07 10:50:36.903995;first;2022-06-07 11:49:38.014721;
1;valid;AAAAAAAAAAAAAAAAAAAAAAAAAA;other;2022-06-07 11:49:42.723021;
1;valid;BBBBBBBBBBBBBBBBBBBBBBBBBB;last;2022-06-07 11:49:47.316683;
1;valid;2022-06-07 10:50:37.919446;first;2022-06-07 11:50:13.218414;
1;valid;AAAAAAAAAAAAAAAAAAAAAAAAAA;other;2022-06-07 11:50:17.824395;
1;valid;BBBBBBBBBBBBBBBBBBBBBBBBBB;last;2022-06-07 11:50:22.309512;
1;valid;2022-06-07 10:50:38.937324;first;2022-06-07 11:50:53.732429;
1;valid;AAAAAAAAAAAAAAAAAAAAAAAAAA;other;2022-06-07 11:50:58.325444;
1;valid;BBBBBBBBBBBBBBBBBBBBBBBBBB;last;2022-06-07 11:51:31.747823;
1;valid;2022-06-07 10:50:39.961828;first;2022-06-07 11:51:48.772810;
1;valid;AAAAAAAAAAAAAAAAAAAAAAAAAA;other;2022-06-07 11:52:03.120866;
1;valid;BBBBBBBBBBBBBBBBBBBBBBBBBB;last;2022-06-07 11:52:12.688027;
1;valid;2022-06-07 10:50:40.979902;first;2022-06-07 11:52:49.804567;
1;valid;AAAAAAAAAAAAAAAAAAAAAAAAAA;other;2022-06-07 11:53:13.871053;
1;valid;2022-06-07 10:50:41.997296;first;2022-06-07 11:53:21.436203;
1;valid;AAAAAAAAAAAAAAAAAAAAAAAAAA;other;2022-06-07 11:53:26.060800;
1;valid;BBBBBBBBBBBBBBBBBBBBBBBBBB;last;2022-06-07 11:53:30.611697;
1;valid;2022-06-07 10:50:43.016494;first;2022-06-07 11:53:42.154632;
1;valid;AAAAAAAAAAAAAAAAAAAAAAAAAA;other;2022-06-07 11:53:46.733534;
1;valid;BBBBBBBBBBBBBBBBBBBBBBBBBB;last;2022-06-07 11:53:51.237960;
1;valid;2022-06-07 10:50:44.029987;first;2022-06-07 11:53:57.992807;
1;valid;AAAAAAAAAAAAAAAAAAAAAAAAAA;other;2022-06-07 11:54:02.662632;
1;valid;BBBBBBBBBBBBBBBBBBBBBBBBBB;last;2022-06-07 11:54:07.261448;
1;valid;2022-06-07 10:50:45.048370;first;2022-06-07 11:54:18.827733;
1;valid;AAAAAAAAAAAAAAAAAAAAAAAAAA;other;2022-06-07 11:54:23.323080;
1;valid;BBBBBBBBBBBBBBBBBBBBBBBBBB;last;2022-06-07 11:54:27.983415;
1;valid;2022-06-07 10:50:46.066322;first;2022-06-07 11:55:00.768136;
1;valid;AAAAAAAAAAAAAAAAAAAAAAAAAA;other;2022-06-07 11:55:20.233422;
1;valid;2022-06-07 10:50:47.084906;first;2022-06-07 11:55:42.717156;
1;valid;2022-06-07 10:50:48.100188;first;2022-06-07 11:56:33.810730;
1;valid;2022-06-07 10:50:49.123268;first;2022-06-07 11:56:41.373585;
1;valid;2022-06-07 10:50:50.152665;first;2022-06-07 11:57:08.510939;
1;valid;AAAAAAAAAAAAAAAAAAAAAAAAAA;other;2022-06-07 11:57:17.812764;
1;valid;BBBBBBBBBBBBBBBBBBBBBBBBBB;last;2022-06-07 11:57:22.518060;
1;valid;2022-06-07 10:50:51.170334;first;2022-06-07 11:57:49.631359;
1;valid;AAAAAAAAAAAAAAAAAAAAAAAAAA;other;2022-06-07 11:57:54.370515;
1;valid;BBBBBBBBBBBBBBBBBBBBBBBBBB;last;2022-06-07 11:58:18.896441;
1;valid;AAAAAAAAAAAAAAAAAAAAAAAAAA;first;2022-06-07 11:58:26.310550;
1;valid;2022-06-07 10:50:52.190608;first;2022-06-07 11:59:17.980899;
1;valid;2022-06-07 10:50:53.205498;first;2022-06-07 11:59:40.685974;
1;valid;AAAAAAAAAAAAAAAAAAAAAAAAAA;other;2022-06-07 11:59:45.475094;
1;valid;2022-06-07 10:50:54.219766;first;2022-06-07 12:00:22.521232;
1;valid;AAAAAAAAAAAAAAAAAAAAAAAAAA;other;2022-06-07 12:00:47.131762;
1;valid;BBBBBBBBBBBBBBBBBBBBBBBBBB;last;2022-06-07 12:00:51.827335;
1;valid;2022-06-07 10:50:55.237987;first;2022-06-07 12:01:33.778968;
1;valid;AAAAAAAAAAAAAAAAAAAAAAAAAA;other;2022-06-07 12:01:43.129539;
1;valid;BBBBBBBBBBBBBBBBBBBBBBBBBB;last;2022-06-07 12:01:47.813001;
1;valid;2022-06-07 10:50:56.257024;first;2022-06-07 12:02:14.989562;
1;valid;2022-06-07 10:50:57.270978;first;2022-06-07 12:02:46.715992;
1;valid;2022-06-07 10:50:58.284247;first;2022-06-07 12:03:17.938604;
1;valid;AAAAAAAAAAAAAAAAAAAAAAAAAA;other;2022-06-07 12:03:27.495636;
1;valid;2022-06-07 10:50:59.312726;first;2022-06-07 12:04:14.006364;
1;valid;AAAAAAAAAAAAAAAAAAAAAAAAAA;other;2022-06-07 12:04:33.435672;
1;valid;BBBBBBBBBBBBBBBBBBBBBBBBBB;last;2022-06-07 12:04:38.069360;
1;valid;2022-06-07 10:51:00.332032;first;2022-06-07 12:04:50.149804;
1;valid;2022-06-07 10:51:01.354223;first;2022-06-07 12:05:12.307698;
1;valid;AAAAAAAAAAAAAAAAAAAAAAAAAA;other;2022-06-07 12:05:17.005110;
1;valid;BBBBBBBBBBBBBBBBBBBBBBBBBB;last;2022-06-07 12:05:21.699443;
1;valid;2022-06-07 10:51:02.373538;first;2022-06-07 12:05:38.047261;
1;valid;AAAAAAAAAAAAAAAAAAAAAAAAAA;other;2022-06-07 12:05:42.743079;
1;valid;BBBBBBBBBBBBBBBBBBBBBBBBBB;last;2022-06-07 12:05:51.940254;
1;valid;2022-06-07 10:51:03.402443;first;2022-06-07 12:06:14.006353;
1;valid;AAAAAAAAAAAAAAAAAAAAAAAAAA;other;2022-06-07 12:06:23.448199;
1;valid;BBBBBBBBBBBBBBBBBBBBBBBBBB;last;2022-06-07 12:06:38.183471;
1;valid;2022-06-07 10:51:04.420766;first;2022-06-07 12:06:59.402636;
1;valid;AAAAAAAAAAAAAAAAAAAAAAAAAA;other;2022-06-07 12:07:04.048515;
1;valid;BBBBBBBBBBBBBBBBBBBBBBBBBB;last;2022-06-07 12:07:08.700494;
1;valid;2022-06-07 10:51:05.438370;first;2022-06-07 12:07:29.663495;
1;valid;AAAAAAAAAAAAAAAAAAAAAAAAAA;other;2022-06-07 12:07:34.429689;
1;valid;BBBBBBBBBBBBBBBBBBBBBBBBBB;last;2022-06-07 12:07:57.977619;
1;valid;2022-06-07 10:51:06.451729;first;2022-06-07 12:08:09.415011;
1;valid;AAAAAAAAAAAAAAAAAAAAAAAAAA;other;2022-06-07 12:08:13.992997;
1;valid;BBBBBBBBBBBBBBBBBBBBBBBBBB;last;2022-06-07 12:08:18.596882;
1;valid;2022-06-07 10:51:07.470685;first;2022-06-07 12:08:49.259775;
1;valid;AAAAAAAAAAAAAAAAAAAAAAAAAA;other;2022-06-07 12:08:53.838129;
1;valid;BBBBBBBBBBBBBBBBBBBBBBBBBB;last;2022-06-07 12:08:58.357856;
1;valid;2022-06-07 10:51:08.494118;first;2022-06-07 12:09:05.086185;
1;valid;AAAAAAAAAAAAAAAAAAAAAAAAAA;other;2022-06-07 12:09:09.454568;
1;valid;BBBBBBBBBBBBBBBBBBBBBBBBBB;last;2022-06-07 12:09:13.845270;
1;valid;2022-06-07 10:51:10.522944;first;2022-06-07 12:09:47.426173;
1;valid;2022-06-07 10:51:11.540626;first;2022-06-07 12:10:24.865149;
1;valid;AAAAAAAAAAAAAAAAAAAAAAAAAA;other;2022-06-07 12:10:29.580855;
1;valid;BBBBBBBBBBBBBBBBBBBBBBBBBB;last;2022-06-07 12:10:34.287545;
1;valid;2022-06-07 10:51:12.569256;first;2022-06-07 12:10:51.266844;
1;valid;2022-06-07 10:51:13.587247;first;2022-06-07 12:11:13.900625;
1;valid;2022-06-07 10:51:14.603576;first;2022-06-07 12:11:36.007550;
1;valid;AAAAAAAAAAAAAAAAAAAAAAAAAA;other;2022-06-07 12:11:40.791445;
1;valid;BBBBBBBBBBBBBBBBBBBBBBBBBB;last;2022-06-07 12:11:55.047352;
1;valid;2022-06-07 10:51:15.617802;first;2022-06-07 12:12:12.140992;
1;valid;AAAAAAAAAAAAAAAAAAAAAAAAAA;other;2022-06-07 12:12:16.631025;
1;valid;BBBBBBBBBBBBBBBBBBBBBBBBBB;last;2022-06-07 12:12:21.206246;
1;valid;2022-06-07 10:51:16.635162;first;2022-06-07 12:12:32.539942;
1;valid;AAAAAAAAAAAAAAAAAAAAAAAAAA;other;2022-06-07 12:12:37.172759;
1;valid;BBBBBBBBBBBBBBBBBBBBBBBBBB;last;2022-06-07 12:12:41.856928;
1;valid;2022-06-07 10:51:17.649688;first;2022-06-07 12:12:54.122236;
1;valid;2022-06-07 10:51:18.667802;first;2022-06-07 12:13:25.490836;
1;valid;2022-06-07 10:51:19.684807;first;2022-06-07 12:13:56.893375;
1;valid;AAAAAAAAAAAAAAAAAAAAAAAAAA;other;2022-06-07 12:14:01.614304;
1;valid;2022-06-07 10:51:20.704139;first;2022-06-07 12:14:43.584469;
1;valid;AAAAAAAAAAAAAAAAAAAAAAAAAA;other;2022-06-07 12:14:57.670851;
1;valid;BBBBBBBBBBBBBBBBBBBBBBBBBB;last;2022-06-07 12:15:06.939258;
1;valid;2022-06-07 10:51:21.723282;first;2022-06-07 12:15:28.986993;
1;valid;AAAAAAAAAAAAAAAAAAAAAAAAAA;other;2022-06-07 12:15:43.257230;
1;valid;2022-06-07 10:51:22.737883;first;2022-06-07 12:16:00.553074;
1;valid;AAAAAAAAAAAAAAAAAAAAAAAAAA;other;2022-06-07 12:16:05.254550;
1;valid;BBBBBBBBBBBBBBBBBBBBBBBBBB;last;2022-06-07 12:16:29.507611;
1;valid;2022-06-07 10:51:23.755950;first;2022-06-07 12:17:01.716531;
1;valid;AAAAAAAAAAAAAAAAAAAAAAAAAA;other;2022-06-07 12:17:06.454149;
1;valid;BBBBBBBBBBBBBBBBBBBBBBBBBB;last;2022-06-07 12:17:11.185429;
1;valid;2022-06-07 10:51:24.777243;first;2022-06-07 12:17:28.054919;
1;valid;AAAAAAAAAAAAAAAAAAAAAAAAAA;other;2022-06-07 12:17:42.188576;
1;valid;BBBBBBBBBBBBBBBBBBBBBBBBBB;last;2022-06-07 12:17:46.887978;
1;valid;2022-06-07 10:51:25.794904;first;2022-06-07 12:17:58.999215;
1;valid;2022-06-07 10:51:26.813042;first;2022-06-07 12:18:45.490470;
1;valid;AAAAAAAAAAAAAAAAAAAAAAAAAA;other;2022-06-07 12:18:50.215024;
1;valid;BBBBBBBBBBBBBBBBBBBBBBBBBB;last;2022-06-07 12:18:59.781272;
1;valid;2022-06-07 10:51:27.827064;first;2022-06-07 12:19:21.119659;
1;valid;2022-06-07 10:51:28.845115;first;2022-06-07 12:19:33.290414;
1;valid;AAAAAAAAAAAAAAAAAAAAAAAAAA;other;2022-06-07 12:19:37.920602;
1;valid;BBBBBBBBBBBBBBBBBBBBBBBBBB;last;2022-06-07 12:19:42.489956;
1;valid;2022-06-07 10:51:29.859217;first;2022-06-07 12:19:58.971455;
1;valid;AAAAAAAAAAAAAAAAAAAAAAAAAA;other;2022-06-07 12:20:03.716806;
1;valid;BBBBBBBBBBBBBBBBBBBBBBBBBB;last;2022-06-07 12:20:08.225371;
1;valid;2022-06-07 10:51:31.891368;first;2022-06-07 12:20:41.521239;
1;valid;AAAAAAAAAAAAAAAAAAAAAAAAAA;other;2022-06-07 12:20:46.227881;
1;valid;BBBBBBBBBBBBBBBBBBBBBBBBBB;last;2022-06-07 12:20:50.732604;
1;valid;2022-06-07 10:51:32.904391;first;2022-06-07 12:21:27.253327;
1;valid;AAAAAAAAAAAAAAAAAAAAAAAAAA;other;2022-06-07 12:21:41.405648;
1;valid;BBBBBBBBBBBBBBBBBBBBBBBBBB;last;2022-06-07 12:21:50.808582;
1;valid;2022-06-07 10:51:33.933057;first;2022-06-07 12:22:12.419444;
1;valid;AAAAAAAAAAAAAAAAAAAAAAAAAA;other;2022-06-07 12:22:41.612005;
1;valid;BBBBBBBBBBBBBBBBBBBBBBBBBB;last;2022-06-07 12:22:46.375856;
1;invalid;2022-06-07 12:22:49.132018
1;valid;2022-06-07 10:51:34.946715;first;2022-06-07 12:23:12.001428;
1;valid;AAAAAAAAAAAAAAAAAAAAAAAAAA;other;2022-06-07 12:23:16.710648;
1;valid;BBBBBBBBBBBBBBBBBBBBBBBBBB;last;2022-06-07 12:23:21.460037;
1;valid;2022-06-07 10:51:35.966443;first;2022-06-07 12:23:52.824572;
1;valid;AAAAAAAAAAAAAAAAAAAAAAAAAA;other;2022-06-07 12:23:57.420124;
1;valid;2022-06-07 10:51:36.994779;first;2022-06-07 12:24:28.975692;
1;valid;AAAAAAAAAAAAAAAAAAAAAAAAAA;other;2022-06-07 12:24:33.687705;
1;valid;BBBBBBBBBBBBBBBBBBBBBBBBBB;last;2022-06-07 12:24:38.357796;
1;valid;2022-06-07 10:51:38.012741;first;2022-06-07 12:24:49.911108;
1;valid;AAAAAAAAAAAAAAAAAAAAAAAAAA;other;2022-06-07 12:24:54.610217;
1;valid;BBBBBBBBBBBBBBBBBBBBBBBBBB;last;2022-06-07 12:24:59.163752;
1;valid;2022-06-07 10:51:39.028700;first;2022-06-07 12:25:11.343725;
1;valid;AAAAAAAAAAAAAAAAAAAAAAAAAA;other;2022-06-07 12:25:15.933252;
1;valid;BBBBBBBBBBBBBBBBBBBBBBBBBB;last;2022-06-07 12:25:20.597653;
1;valid;2022-06-07 10:51:40.048438;first;2022-06-07 12:25:32.840695;
1;valid;2022-06-07 10:51:41.065352;first;2022-06-07 12:26:09.406139;
1;valid;AAAAAAAAAAAAAAAAAAAAAAAAAA;other;2022-06-07 12:26:18.823383;
1;valid;BBBBBBBBBBBBBBBBBBBBBBBBBB;last;2022-06-07 12:26:23.557481;
1;valid;2022-06-07 10:51:42.091320;first;2022-06-07 12:26:30.749041;
1;valid;AAAAAAAAAAAAAAAAAAAAAAAAAA;other;2022-06-07 12:26:35.388923;
1;valid;BBBBBBBBBBBBBBBBBBBBBBBBBB;last;2022-06-07 12:26:58.967123;
1;valid;2022-06-07 10:51:43.105139;first;2022-06-07 12:27:05.734847;
1;valid;AAAAAAAAAAAAAAAAAAAAAAAAAA;other;2022-06-07 12:27:10.252980;
1;valid;BBBBBBBBBBBBBBBBBBBBBBBBBB;last;2022-06-07 12:27:14.595944;
1;valid;2022-06-07 10:51:44.121260;first;2022-06-07 12:27:34.924610;
1;valid;AAAAAAAAAAAAAAAAAAAAAAAAAA;other;2022-06-07 12:27:39.360321;
1;valid;BBBBBBBBBBBBBBBBBBBBBBBBBB;last;2022-06-07 12:27:43.889603;
1;valid;2022-06-07 10:51:45.135376;first;2022-06-07 12:27:55.229966;
1;valid;AAAAAAAAAAAAAAAAAAAAAAAAAA;other;2022-06-07 12:27:59.799004;
1;valid;BBBBBBBBBBBBBBBBBBBBBBBBBB;last;2022-06-07 12:28:04.269021;
1;valid;2022-06-07 10:51:46.153555;first;2022-06-07 12:28:30.112455;
1;valid;AAAAAAAAAAAAAAAAAAAAAAAAAA;other;2022-06-07 12:28:34.537430;
1;valid;BBBBBBBBBBBBBBBBBBBBBBBBBB;last;2022-06-07 12:28:38.904202;
1;valid;2022-06-07 10:51:47.172353;first;2022-06-07 12:28:50.448025;
1;valid;AAAAAAAAAAAAAAAAAAAAAAAAAA;other;2022-06-07 12:28:55.082157;
1;valid;BBBBBBBBBBBBBBBBBBBBBBBBBB;last;2022-06-07 12:28:59.517060;
1;valid;2022-06-07 10:51:48.190397;first;2022-06-07 12:29:15.547324;
1;valid;AAAAAAAAAAAAAAAAAAAAAAAAAA;other;2022-06-07 12:29:20.030795;
1;valid;BBBBBBBBBBBBBBBBBBBBBBBBBB;last;2022-06-07 12:29:24.400132;
1;valid;2022-06-07 10:51:49.206483;first;2022-06-07 12:29:44.875984;
1;valid;AAAAAAAAAAAAAAAAAAAAAAAAAA;other;2022-06-07 12:29:49.361720;
1;valid;BBBBBBBBBBBBBBBBBBBBBBBBBB;last;2022-06-07 12:29:53.872282;
1;valid;2022-06-07 10:51:50.222784;first;2022-06-07 12:30:00.612256;
1;valid;AAAAAAAAAAAAAAAAAAAAAAAAAA;other;2022-06-07 12:30:04.905168;
1;valid;BBBBBBBBBBBBBBBBBBBBBBBBBB;last;2022-06-07 12:30:09.374545;
1;valid;2022-06-07 10:51:51.250215;first;2022-06-07 12:30:16.117908;
1;valid;AAAAAAAAAAAAAAAAAAAAAAAAAA;other;2022-06-07 12:30:20.609748;
1;valid;BBBBBBBBBBBBBBBBBBBBBBBBBB;last;2022-06-07 12:30:25.054115;
1;valid;2022-06-07 10:51:52.263826;first;2022-06-07 12:30:31.725835;
1;valid;AAAAAAAAAAAAAAAAAAAAAAAAAA;other;2022-06-07 12:30:36.120010;
1;valid;BBBBBBBBBBBBBBBBBBBBBBBBBB;last;2022-06-07 12:30:40.611745;
1;valid;2022-06-07 10:51:53.278121;first;2022-06-07 12:30:47.258365;
1;valid;AAAAAAAAAAAAAAAAAAAAAAAAAA;other;2022-06-07 12:30:56.299283;
1;valid;BBBBBBBBBBBBBBBBBBBBBBBBBB;last;2022-06-07 12:31:00.653285;
1;valid;2022-06-07 10:51:54.307963;first;2022-06-07 12:31:07.430491;
1;valid;AAAAAAAAAAAAAAAAAAAAAAAAAA;other;2022-06-07 12:31:12.038421;
1;valid;BBBBBBBBBBBBBBBBBBBBBBBBBB;last;2022-06-07 12:31:16.522227;
1;valid;2022-06-07 10:51:55.332097;first;2022-06-07 12:31:36.891747;
1;valid;AAAAAAAAAAAAAAAAAAAAAAAAAA;other;2022-06-07 12:31:55.906591;
1;valid;BBBBBBBBBBBBBBBBBBBBBBBBBB;last;2022-06-07 12:32:00.348239;
1;valid;2022-06-07 10:51:56.349196;first;2022-06-07 12:32:06.963105;
1;valid;AAAAAAAAAAAAAAAAAAAAAAAAAA;other;2022-06-07 12:32:11.401671;
1;valid;BBBBBBBBBBBBBBBBBBBBBBBBBB;last;2022-06-07 12:32:15.784987;
1;valid;2022-06-07 10:51:57.364638;first;2022-06-07 12:32:37.448851;
1;valid;AAAAAAAAAAAAAAAAAAAAAAAAAA;first;2022-06-07 12:32:49.526766;
1;valid;BBBBBBBBBBBBBBBBBBBBBBBBBB;last;2022-06-07 12:33:12.949759;
1;valid;AAAAAAAAAAAAAAAAAAAAAAAAAA;first;2022-06-07 12:33:24.985864;
1;valid;BBBBBBBBBBBBBBBBBBBBBBBBBB;last;2022-06-07 12:33:39.261325;
1;valid;BBBBBBBBBBBBBBBBBBBBBBBBBB;full;2022-06-07 12:33:51.118953;
1;valid;AAAAAAAAAAAAAAAAAAAAAAAAAA;first;2022-06-07 12:34:31.921807;
1;valid;BBBBBBBBBBBBBBBBBBBBBBBBBB;last;2022-06-07 12:34:36.623404;
1;valid;AAAAAAAAAAAAAAAAAAAAAAAAAA;first;2022-06-07 12:34:48.239273;
1;valid;BBBBBBBBBBBBBBBBBBBBBBBBBB;last;2022-06-07 12:34:52.765811;
1;valid;BBBBBBBBBBBBBBBBBBBBBBBBBB;full;2022-06-07 12:35:19.745293;
1;valid;AAAAAAAAAAAAAAAAAAAAAAAAAA;first;2022-06-07 12:35:31.310123;
1;valid;BBBBBBBBBBBBBBBBBBBBBBBBBB;last;2022-06-07 12:35:35.825891;
1;valid;BBBBBBBBBBBBBBBBBBBBBBBBBB;full;2022-06-07 12:35:56.628742;
1;valid;BBBBBBBBBBBBBBBBBBBBBBBBBB;full;2022-06-07 12:36:13.531051;
1;valid;AAAAAAAAAAAAAAAAAAAAAAAAAA;first;2022-06-07 12:36:39.228646;
1;valid;BBBBBBBBBBBBBBBBBBBBBBBBBB;last;2022-06-07 12:36:43.533576;
1;valid;AAAAAAAAAAAAAAAAAAAAAAAAAA;first;2022-06-07 12:36:54.823218;
1;valid;BBBBBBBBBBBBBBBBBBBBBBBBBB;last;2022-06-07 12:36:59.307993;
1;valid;AAAAAAAAAAAAAAAAAAAAAAAAAA;first;2022-06-07 12:37:15.594807;
1;valid;BBBBBBBBBBBBBBBBBBBBBBBBBB;last;2022-06-07 12:37:19.957283;
1;valid;BBBBBBBBBBBBBBBBBBBBBBBBBB;full;2022-06-07 12:37:31.386431;
1;valid;BBBBBBBBBBBBBBBBBBBBBBBBBB;full;2022-06-07 12:37:53.131065;
1;valid;BBBBBBBBBBBBBBBBBBBBBBBBBB;full;2022-06-07 12:38:04.519398;
1;valid;BBBBBBBBBBBBBBBBBBBBBBBBBB;full;2022-06-07 12:38:25.130977;
1;valid;BBBBBBBBBBBBBBBBBBBBBBBBBB;full;2022-06-07 12:38:41.999360;
1;valid;AAAAAAAAAAAAAAAAAAAAAAAAAA;first;2022-06-07 12:38:53.266025;
1;valid;BBBBBBBBBBBBBBBBBBBBBBBBBB;last;2022-06-07 12:39:02.370523;
1;valid;BBBBBBBBBBBBBBBBBBBBBBBBBB;full;2022-06-07 12:39:09.129255;
1;valid;AAAAAAAAAAAAAAAAAAAAAAAAAA;first;2022-06-07 12:39:15.881342;
1;valid;BBBBBBBBBBBBBBBBBBBBBBBBBB;last;2022-06-07 12:39:20.297066;
1;valid;AAAAAAAAAAAAAAAAAAAAAAAAAA;first;2022-06-07 12:39:37.189316;
1;valid;BBBBBBBBBBBBBBBBBBBBBBBBBB;last;2022-06-07 12:39:41.710573;
1;valid;AAAAAAAAAAAAAAAAAAAAAAAAAA;first;2022-06-07 12:39:48.435092;
1;valid;BBBBBBBBBBBBBBBBBBBBBBBBBB;last;2022-06-07 12:39:52.969111;
1;valid;BBBBBBBBBBBBBBBBBBBBBBBBBB;full;2022-06-07 12:39:59.658249;
1;valid;BBBBBBBBBBBBBBBBBBBBBBBBBB;full;2022-06-07 12:40:15.797244;
1;valid;AAAAAAAAAAAAAAAAAAAAAAAAAA;first;2022-06-07 12:40:22.479806;
1;valid;BBBBBBBBBBBBBBBBBBBBBBBBBB;last;2022-06-07 12:40:27.045788;
1;valid;BBBBBBBBBBBBBBBBBBBBBBBBBB;full;2022-06-07 12:40:33.802360;
1;valid;AAAAAAAAAAAAAAAAAAAAAAAAAA;first;2022-06-07 12:41:00.034590;
1;valid;BBBBBBBBBBBBBBBBBBBBBBBBBB;last;2022-06-07 12:41:04.561793;
1;valid;AAAAAAAAAAAAAAAAAAAAAAAAAA;first;2022-06-07 12:41:11.209600;
1;valid;BBBBBBBBBBBBBBBBBBBBBBBBBB;last;2022-06-07 12:41:15.604451;
1;valid;AAAAAAAAAAAAAAAAAAAAAAAAAA;first;2022-06-07 12:41:32.755153;
1;valid;BBBBBBBBBBBBBBBBBBBBBBBBBB;last;2022-06-07 12:41:37.401164;
1;valid;BBBBBBBBBBBBBBBBBBBBBBBBBB;full;2022-06-07 12:42:22.476192;
1;valid;BBBBBBBBBBBBBBBBBBBBBBBBBB;full;2022-06-07 12:42:38.610202;
1;valid;AAAAAAAAAAAAAAAAAAAAAAAAAA;first;2022-06-07 12:42:54.832251;
1;valid;BBBBBBBBBBBBBBBBBBBBBBBBBB;last;2022-06-07 12:42:59.402087;
1;valid;AAAAAAAAAAAAAAAAAAAAAAAAAA;first;2022-06-07 12:43:06.104581;
1;valid;BBBBBBBBBBBBBBBBBBBBBBBBBB;last;2022-06-07 12:43:10.537313;
1;valid;BBBBBBBBBBBBBBBBBBBBBBBBBB;full;2022-06-07 12:43:17.149486;
1;valid;BBBBBBBBBBBBBBBBBBBBBBBBBB;full;2022-06-07 12:43:33.472837;
1;valid;BBBBBBBBBBBBBBBBBBBBBBBBBB;full;2022-06-07 12:43:40.082629;
1;valid;AAAAAAAAAAAAAAAAAAAAAAAAAA;first;2022-06-07 12:44:00.894656;
1;valid;BBBBBBBBBBBBBBBBBBBBBBBBBB;last;2022-06-07 12:44:05.421527;
1;valid;AAAAAAAAAAAAAAAAAAAAAAAAAA;first;2022-06-07 12:44:21.675350;
1;valid;BBBBBBBBBBBBBBBBBBBBBBBBBB;last;2022-06-07 12:44:26.288040;
1;valid;BBBBBBBBBBBBBBBBBBBBBBBBBB;full;2022-06-07 12:44:37.768642;
1;valid;BBBBBBBBBBBBBBBBBBBBBBBBBB;full;2022-06-07 12:44:53.949061;
1;valid;BBBBBBBBBBBBBBBBBBBBBBBBBB;full;2022-06-07 12:45:05.235142;
1;valid;BBBBBBBBBBBBBBBBBBBBBBBBBB;full;2022-06-07 12:45:21.481273;
1;valid;AAAAAAAAAAAAAAAAAAAAAAAAAA;first;2022-06-07 12:45:55.025631;
1;valid;BBBBBBBBBBBBBBBBBBBBBBBBBB;last;2022-06-07 12:45:59.688477;
1;valid;AAAAAAAAAAAAAAAAAAAAAAAAAA;multi_received;
1;valid;BBBBBBBBBBBBBBBBBBBBBBBBBB;last;2022-06-07 12:46:20.212488;
1;valid;BBBBBBBBBBBBBBBBBBBBBBBBBB;multi_received;
1;valid;AAAAAAAAAAAAAAAAAAAAAAAAAA;first;2022-06-07 12:47:11.649794;
1;valid;BBBBBBBBBBBBBBBBBBBBBBBBBB;last;2022-06-07 12:47:16.131172;
1;valid;AAAAAAAAAAAAAAAAAAAAAAAAAA;first;2022-06-07 12:47:22.812730;
1;valid;BBBBBBBBBBBBBBBBBBBBBBBBBB;last;2022-06-07 12:47:27.314705;
1;valid;AAAAAAAAAAAAAAAAAAAAAAAAAA;first;2022-06-07 12:48:02.481133;
1;valid;BBBBBBBBBBBBBBBBBBBBBBBBBB;last;2022-06-07 12:48:06.859264;
1;valid;AAAAAAAAAAAAAAAAAAAAAAAAAA;first;2022-06-07 12:48:13.609088;
1;valid;BBBBBBBBBBBBBBBBBBBBBBBBBB;last;2022-06-07 12:48:18.007529;
1;valid;AAAAAAAAAAAAAAAAAAAAAAAAAA;first;2022-06-07 12:48:24.803515;
1;valid;BBBBBBBBBBBBBBBBBBBBBBBBBB;last;2022-06-07 12:48:38.898372;
1;valid;AAAAAAAAAAAAAAAAAAAAAAAAAA;first;2022-06-07 12:48:55.010600;
1;valid;BBBBBBBBBBBBBBBBBBBBBBBBBB;last;2022-06-07 12:48:59.439076;
1;valid;AAAAAAAAAAAAAAAAAAAAAAAAAA;first;2022-06-07 12:49:20.555122;
1;valid;BBBBBBBBBBBBBBBBBBBBBBBBBB;last;2022-06-07 12:49:25.067719;
1;valid;AAAAAAAAAAAAAAAAAAAAAAAAAA;first;2022-06-07 12:49:46.098250;
1;valid;BBBBBBBBBBBBBBBBBBBBBBBBBB;last;2022-06-07 12:49:50.689241;
1;valid;BBBBBBBBBBBBBBBBBBBBBBBBBB;full;2022-06-07 12:50:21.264450;
1;valid;BBBBBBBBBBBBBBBBBBBBBBBBBB;full;2022-06-07 12:50:37.358444;
1;valid;BBBBBBBBBBBBBBBBBBBBBBBBBB;full;2022-06-07 12:50:48.785566;
1;valid;AAAAAAAAAAAAAAAAAAAAAAAAAA;first;2022-06-07 12:51:05.279186;
1;valid;BBBBBBBBBBBBBBBBBBBBBBBBBB;last;2022-06-07 12:51:09.785378;
1;valid;AAAAAAAAAAAAAAAAAAAAAAAAAA;first;2022-06-07 12:51:45.446353;
1;valid;BBBBBBBBBBBBBBBBBBBBBBBBBB;last;2022-06-07 12:51:50.047394;
1;valid;AAAAAAAAAAAAAAAAAAAAAAAAAA;first;2022-06-07 12:52:23.423789;
1;valid;BBBBBBBBBBBBBBBBBBBBBBBBBB;last;2022-06-07 12:52:27.813896;
1;valid;BBBBBBBBBBBBBBBBBBBBBBBBBB;full;2022-06-07 12:52:58.583177;
1;valid;BBBBBBBBBBBBBBBBBBBBBBBBBB;full;2022-06-07 12:53:15.114808;
