1;valid;2022-06-08 01:23:43.500453;first;2022-06-08 01:23:46.020472;
1;valid;2022-06-08 01:23:43.301528;first;2022-06-08 01:23:47.862068;
1;valid;DDDDDDDDDDDDDDDDDDDDDDDDDD;other;2022-06-08 01:23:50.246932;
1;valid;AAAAAAAAAAAAAAAAAAAAAAAAAA;other;2022-06-08 01:23:52.628967;
1;valid;DDDDDDDDDDDDDDDDDDDDDDDDDD;last;2022-06-08 01:23:59.058021;
1;valid;AAAAAAAAAAAAAAAAAAAAAAAAAA;multi_received;
1;valid;2022-06-08 01:23:44.516175;first;2022-06-08 01:24:04.861429;
1;valid;AAAAAAAAAAAAAAAAAAAAAAAAAA;last;2022-06-08 01:24:07.392307;
1;valid;2022-06-08 01:23:44.516175;multi_received;
1;valid;AAAAAAAAAAAAAAAAAAAAAAAAAA;multi_received;
1;valid;DDDDDDDDDDDDDDDDDDDDDDDDDD;other;2022-06-08 01:24:15.706334;
1;valid;AAAAAAAAAAAAAAAAAAAAAAAAAA;multi_received;
1;valid;DDDDDDDDDDDDDDDDDDDDDDDDDD;last;2022-06-08 01:24:19.917458;
1;valid;AAAAAAAAAAAAAAAAAAAAAAAAAA;multi_received;
1;valid;2022-06-08 01:23:45.530913;first;2022-06-08 01:24:25.336404;
1;valid;DDDDDDDDDDDDDDDDDDDDDDDDDD;other;2022-06-08 01:24:30.047276;
1;valid;DDDDDDDDDDDDDDDDDDDDDDDDDD;last;2022-06-08 01:24:36.410518;
1;invalid;2022-06-08 01:24:37.244983
1;valid;2022-06-08 01:23:46.543042;first;2022-06-08 01:24:41.656754;
1;valid;DDDDDDDDDDDDDDDDDDDDDDDDDD;other;2022-06-08 01:24:45.975568;
1;valid;2022-06-08 01:23:44.312358;first;2022-06-08 01:24:47.796897;
1;valid;DDDDDDDDDDDDDDDDDDDDDDDDDD;last;2022-06-08 01:24:50.218035;
1;valid;2022-06-08 01:23:44.312358;multi_received;
1;valid;2022-06-08 01:23:47.557188;first;2022-06-08 01:24:55.770464;
1;valid;2022-06-08 01:23:44.312358;multi_received;
1;valid;DDDDDDDDDDDDDDDDDDDDDDDDDD;other;2022-06-08 01:25:05.048756;
1;valid;2022-06-08 01:23:44.312358;multi_received;
1;valid;DDDDDDDDDDDDDDDDDDDDDDDDDD;last;2022-06-08 01:25:11.892978;
1;valid;2022-06-08 01:23:48.569401;first;2022-06-08 01:25:17.227977;
1;invalid;2022-06-08 01:25:18.432518
1;valid;DDDDDDDDDDDDDDDDDDDDDDDDDD;other;2022-06-08 01:25:24.030677;
1;valid;DDDDDDDDDDDDDDDDDDDDDDDDDD;last;2022-06-08 01:25:25.763382;
1;valid;2022-06-08 01:23:45.328931;first;2022-06-08 01:25:29.340320;
1;valid;2022-06-08 01:23:49.588626;first;2022-06-08 01:25:30.882406;
1;valid;2022-06-08 01:23:50.606636;first;2022-06-08 01:25:48.038351;
1;valid;AAAAAAAAAAAAAAAAAAAAAAAAAA;other;2022-06-08 01:25:50.653317;
1;valid;DDDDDDDDDDDDDDDDDDDDDDDDDD;other;2022-06-08 01:25:52.331776;
1;valid;DDDDDDDDDDDDDDDDDDDDDDDDDD;last;2022-06-08 01:25:56.895307;
1;valid;AAAAAAAAAAAAAAAAAAAAAAAAAA;multi_received;
1;valid;2022-06-08 01:23:51.618523;first;2022-06-08 01:26:04.863136;
1;valid;AAAAAAAAAAAAAAAAAAAAAAAAAA;multi_received;
1;valid;DDDDDDDDDDDDDDDDDDDDDDDDDD;other;2022-06-08 01:26:09.225745;
1;valid;AAAAAAAAAAAAAAAAAAAAAAAAAA;multi_received;
1;valid;DDDDDDDDDDDDDDDDDDDDDDDDDD;last;2022-06-08 01:26:17.966977;
1;valid;2022-06-08 01:23:52.630694;first;2022-06-08 01:26:23.604969;
1;valid;DDDDDDDDDDDDDDDDDDDDDDDDDD;other;2022-06-08 01:26:28.270175;
1;valid;2022-06-08 01:23:46.346537;first;2022-06-08 01:26:34.134208;
1;valid;DDDDDDDDDDDDDDDDDDDDDDDDDD;last;2022-06-08 01:26:36.852532;
1;valid;2022-06-08 01:23:53.646228;first;2022-06-08 01:26:47.064965;
1;valid;DDDDDDDDDDDDDDDDDDDDDDDDDD;other;2022-06-08 01:26:51.671854;
1;valid;DDDDDDDDDDDDDDDDDDDDDDDDDD;last;2022-06-08 01:26:53.291028;
1;valid;2022-06-08 01:23:47.366511;first;2022-06-08 01:26:57.665777;
1;valid;DDDDDDDDDDDDDDDDDDDDDDDDDD;multi_received;
1;valid;2022-06-08 01:23:47.366511;multi_received;
1;valid;2022-06-08 01:23:54.658527;first;2022-06-08 01:27:05.320044;
1;valid;2022-06-08 01:23:47.366511;multi_received;
1;invalid;2022-06-08 01:27:14.657891
1;valid;2022-06-08 01:23:55.672175;first;2022-06-08 01:27:21.655423;
1;valid;DDDDDDDDDDDDDDDDDDDDDDDDDD;other;2022-06-08 01:27:26.302852;
1;valid;DDDDDDDDDDDDDDDDDDDDDDDDDD;last;2022-06-08 01:27:30.795295;
1;valid;AAAAAAAAAAAAAAAAAAAAAAAAAA;other;2022-06-08 01:27:36.241296;
1;valid;2022-06-08 01:23:56.678804;first;2022-06-08 01:27:39.085173;
1;valid;DDDDDDDDDDDDDDDDDDDDDDDDDD;other;2022-06-08 01:27:43.623709;
1;valid;DDDDDDDDDDDDDDDDDDDDDDDDDD;last;2022-06-08 01:27:47.989007;
1;valid;2022-06-08 01:23:48.379600;first;2022-06-08 01:27:54.591621;
1;valid;2022-06-08 01:23:57.687469;first;2022-06-08 01:27:55.996510;
1;valid;2022-06-08 01:23:48.379600;multi_received;
1;valid;DDDDDDDDDDDDDDDDDDDDDDDDDD;other;2022-06-08 01:28:03.416257;
1;valid;2022-06-08 01:23:48.379600;multi_received;
1;valid;DDDDDDDDDDDDDDDDDDDDDDDDDD;last;2022-06-08 01:28:10.113371;
1;valid;2022-06-08 01:23:48.379600;multi_received;
1;valid;2022-06-08 01:23:58.698639;first;2022-06-08 01:28:17.793777;
1;valid;DDDDDDDDDDDDDDDDDDDDDDDDDD;other;2022-06-08 01:28:24.468517;
1;valid;DDDDDDDDDDDDDDDDDDDDDDDDDD;last;2022-06-08 01:28:28.995106;
1;valid;2022-06-08 01:23:59.705770;first;2022-06-08 01:28:31.696544;
1;valid;DDDDDDDDDDDDDDDDDDDDDDDDDD;other;2022-06-08 01:28:36.153327;
1;valid;DDDDDDDDDDDDDDDDDDDDDDDDDD;last;2022-06-08 01:28:42.453062;
1;valid;2022-06-08 01:23:49.406018;first;2022-06-08 01:28:45.382653;
1;valid;DDDDDDDDDDDDDDDDDDDDDDDDDD;multi_received;
1;valid;2022-06-08 01:23:49.406018;multi_received;
1;valid;2022-06-08 01:24:00.717611;first;2022-06-08 01:28:52.665638;
1;valid;2022-06-08 01:23:49.406018;multi_received;
1;valid;2022-06-08 01:24:00.717611;multi_received;
1;valid;2022-06-08 01:23:49.406018;multi_received;
1;valid;DDDDDDDDDDDDDDDDDDDDDDDDDD;other;2022-06-08 01:29:04.256252;
1;valid;2022-06-08 01:24:01.727958;first;2022-06-08 01:29:15.624784;
1;valid;DDDDDDDDDDDDDDDDDDDDDDDDDD;other;2022-06-08 01:29:19.980355;
1;valid;2022-06-08 01:23:50.429289;first;2022-06-08 01:29:21.554442;
1;valid;DDDDDDDDDDDDDDDDDDDDDDDDDD;last;2022-06-08 01:29:24.177194;
1;valid;2022-06-08 01:23:50.429289;multi_received;
1;valid;2022-06-08 01:24:02.740230;first;2022-06-08 01:29:29.405667;
1;valid;2022-06-08 01:23:50.429289;multi_received;
1;valid;DDDDDDDDDDDDDDDDDDDDDDDDDD;other;2022-06-08 01:29:34.058506;
1;valid;DDDDDDDDDDDDDDDDDDDDDDDDDD;last;2022-06-08 01:29:43.007369;
1;valid;2022-06-08 01:23:50.429289;multi_received;
1;valid;AAAAAAAAAAAAAAAAAAAAAAAAAA;other;2022-06-08 01:29:54.835295;
1;valid;2022-06-08 01:24:03.760567;first;2022-06-08 01:29:58.162354;
1;valid;AAAAAAAAAAAAAAAAAAAAAAAAAA;multi_received;
1;valid;DDDDDDDDDDDDDDDDDDDDDDDDDD;other;2022-06-08 01:30:05.020688;
1;valid;DDDDDDDDDDDDDDDDDDDDDDDDDD;last;2022-06-08 01:30:12.007462;
1;valid;2022-06-08 01:24:04.772743;first;2022-06-08 01:30:17.456783;
1;valid;DDDDDDDDDDDDDDDDDDDDDDDDDD;other;2022-06-08 01:30:21.910264;
1;valid;2022-06-08 01:23:51.450346;first;2022-06-08 01:30:24.278765;
1;valid;DDDDDDDDDDDDDDDDDDDDDDDDDD;last;2022-06-08 01:30:30.481672;
1;valid;2022-06-08 01:24:05.784825;first;2022-06-08 01:30:36.161567;
1;valid;DDDDDDDDDDDDDDDDDDDDDDDDDD;other;2022-06-08 01:30:44.895919;
1;invalid;2022-06-08 01:30:53.642440
1;valid;2022-06-08 01:24:06.792895;first;2022-06-08 01:30:59.057788;
1;valid;DDDDDDDDDDDDDDDDDDDDDDDDDD;other;2022-06-08 01:31:03.586225;
1;valid;DDDDDDDDDDDDDDDDDDDDDDDDDD;last;2022-06-08 01:31:07.974705;
1;valid;2022-06-08 01:24:07.803699;first;2022-06-08 01:31:17.828262;
1;valid;DDDDDDDDDDDDDDDDDDDDDDDDDD;other;2022-06-08 01:31:24.836193;
1;valid;DDDDDDDDDDDDDDDDDDDDDDDDDD;last;2022-06-08 01:31:33.546553;
1;valid;2022-06-08 01:24:08.812337;first;2022-06-08 01:31:38.750946;
1;valid;DDDDDDDDDDDDDDDDDDDDDDDDDD;other;2022-06-08 01:31:43.015100;
1;valid;DDDDDDDDDDDDDDDDDDDDDDDDDD;last;2022-06-08 01:31:49.388453;
1;invalid;2022-06-08 01:31:51.504328
1;valid;2022-06-08 01:24:09.824540;first;2022-06-08 01:31:53.948091;
1;valid;AAAAAAAAAAAAAAAAAAAAAAAAAA;first;2022-06-08 01:31:56.401931;
1;valid;DDDDDDDDDDDDDDDDDDDDDDDDDD;other;2022-06-08 01:31:57.972296;
1;valid;DDDDDDDDDDDDDDDDDDDDDDDDDD;last;2022-06-08 01:32:02.325093;
1;valid;2022-06-08 01:24:10.839178;first;2022-06-08 01:32:07.845320;
1;valid;DDDDDDDDDDDDDDDDDDDDDDDDDD;other;2022-06-08 01:32:12.109390;
1;valid;DDDDDDDDDDDDDDDDDDDDDDDDDD;last;2022-06-08 01:32:21.086074;
1;valid;2022-06-08 01:23:54.515807;first;2022-06-08 01:32:26.467485;
1;valid;2022-06-08 01:24:11.851435;first;2022-06-08 01:32:29.162978;
1;valid;2022-06-08 01:23:54.515807;multi_received;
1;valid;DDDDDDDDDDDDDDDDDDDDDDDDDD;other;2022-06-08 01:32:36.111893;
1;valid;DDDDDDDDDDDDDDDDDDDDDDDDDD;last;2022-06-08 01:32:40.527865;
1;valid;2022-06-08 01:23:54.515807;multi_received;
1;valid;2022-06-08 01:24:12.866034;first;2022-06-08 01:32:45.005447;
1;valid;AAAAAAAAAAAAAAAAAAAAAAAAAA;other;2022-06-08 01:32:47.384385;
1;valid;DDDDDDDDDDDDDDDDDDDDDDDDDD;other;2022-06-08 01:32:52.048432;
1;valid;AAAAAAAAAAAAAAAAAAAAAAAAAA;last;2022-06-08 01:32:58.133231;
1;valid;DDDDDDDDDDDDDDDDDDDDDDDDDD;last;2022-06-08 01:33:00.582085;
1;valid;AAAAAAAAAAAAAAAAAAAAAAAAAA;first;2022-06-08 01:33:03.015367;
1;valid;2022-06-08 01:24:13.878236;first;2022-06-08 01:33:08.440443;
1;valid;DDDDDDDDDDDDDDDDDDDDDDDDDD;other;2022-06-08 01:33:13.214114;
1;invalid;2022-06-08 01:33:21.102529
1;valid;DDDDDDDDDDDDDDDDDDDDDDDDDD;last;2022-06-08 01:33:26.655569;
1;valid;2022-06-08 01:24:14.893176;first;2022-06-08 01:33:34.263879;
1;valid;DDDDDDDDDDDDDDDDDDDDDDDDDD;other;2022-06-08 01:33:38.649793;
1;valid;2022-06-08 01:23:55.531628;first;2022-06-08 01:33:52.039732;
1;valid;2022-06-08 01:24:15.905432;first;2022-06-08 01:33:56.388844;
1;invalid;2022-06-08 01:34:01.531519
1;valid;2022-06-08 01:24:16.919162;first;2022-06-08 01:34:03.918989;
1;valid;DDDDDDDDDDDDDDDDDDDDDDDDDD;other;2022-06-08 01:34:08.533011;
1;valid;AAAAAAAAAAAAAAAAAAAAAAAAAA;first;2022-06-08 01:34:11.316553;
1;valid;DDDDDDDDDDDDDDDDDDDDDDDDDD;last;2022-06-08 01:34:13.039384;
1;valid;2022-06-08 01:24:17.931441;first;2022-06-08 01:34:23.088496;
1;valid;DDDDDDDDDDDDDDDDDDDDDDDDDD;other;2022-06-08 01:34:27.518755;
1;invalid;2022-06-08 01:34:35.541644
1;valid;2022-06-08 01:24:18.943963;first;2022-06-08 01:34:38.029673;
1;valid;2022-06-08 01:23:57.571307;first;2022-06-08 01:34:41.868014;
1;valid;DDDDDDDDDDDDDDDDDDDDDDDDDD;other;2022-06-08 01:34:45.204279;
1;valid;2022-06-08 01:23:57.571307;multi_received;
1;valid;2022-06-08 01:24:19.955046;first;2022-06-08 01:34:55.278961;
1;valid;2022-06-08 01:23:57.571307;multi_received;
1;valid;DDDDDDDDDDDDDDDDDDDDDDDDDD;other;2022-06-08 01:35:02.612656;
1;valid;2022-06-08 01:23:57.571307;multi_received;
1;valid;DDDDDDDDDDDDDDDDDDDDDDDDDD;last;2022-06-08 01:35:09.594640;
1;valid;2022-06-08 01:24:20.962215;first;2022-06-08 01:35:22.709416;
1;valid;DDDDDDDDDDDDDDDDDDDDDDDDDD;other;2022-06-08 01:35:27.295972;
1;valid;DDDDDDDDDDDDDDDDDDDDDDDDDD;last;2022-06-08 01:35:31.805438;
1;invalid;2022-06-08 01:35:38.761665
1;valid;2022-06-08 01:24:21.970033;first;2022-06-08 01:35:42.353252;
1;valid;DDDDDDDDDDDDDDDDDDDDDDDDDD;other;2022-06-08 01:35:46.887678;
1;valid;DDDDDDDDDDDDDDDDDDDDDDDDDD;last;2022-06-08 01:35:51.342668;
1;valid;2022-06-08 01:24:22.982269;first;2022-06-08 01:35:56.862573;
1;valid;2022-06-08 01:23:58.595530;first;2022-06-08 01:36:01.214109;
1;valid;DDDDDDDDDDDDDDDDDDDDDDDDDD;other;2022-06-08 01:36:03.905793;
1;valid;2022-06-08 01:23:58.595530;multi_received;
1;valid;DDDDDDDDDDDDDDDDDDDDDDDDDD;last;2022-06-08 01:36:11.037336;
1;invalid;2022-06-08 01:36:14.863655
1;invalid;2022-06-08 01:36:19.967110
1;valid;DDDDDDDDDDDDDDDDDDDDDDDDDD;first;2022-06-08 01:36:26.450285;
1;valid;2022-06-08 01:23:59.609660;first;2022-06-08 01:36:31.484638;
1;valid;DDDDDDDDDDDDDDDDDDDDDDDDDD;other;2022-06-08 01:36:33.053262;
1;valid;2022-06-08 01:23:59.609660;multi_received;
1;valid;2022-06-08 01:24:25.002654;first;2022-06-08 01:36:41.047082;
1;valid;2022-06-08 01:23:59.609660;multi_received;
1;valid;DDDDDDDDDDDDDDDDDDDDDDDDDD;other;2022-06-08 01:36:45.300587;
1;valid;DDDDDDDDDDDDDDDDDDDDDDDDDD;last;2022-06-08 01:36:49.832484;
1;valid;2022-06-08 01:24:26.009757;first;2022-06-08 01:36:59.690520;
1;valid;AAAAAAAAAAAAAAAAAAAAAAAAAA;other;2022-06-08 01:37:05.178474;
1;valid;DDDDDDDDDDDDDDDDDDDDDDDDDD;other;2022-06-08 01:37:08.546994;
1;valid;DDDDDDDDDDDDDDDDDDDDDDDDDD;last;2022-06-08 01:37:13.043641;
1;valid;2022-06-08 01:24:27.018788;first;2022-06-08 01:37:23.170397;
1;valid;DDDDDDDDDDDDDDDDDDDDDDDDDD;other;2022-06-08 01:37:29.522835;
1;valid;2022-06-08 01:24:00.631165;first;2022-06-08 01:37:36.076100;
1;valid;2022-06-08 01:24:28.031022;first;2022-06-08 01:37:38.680984;
1;valid;2022-06-08 01:24:00.631165;multi_received;
1;valid;DDDDDDDDDDDDDDDDDDDDDDDDDD;other;2022-06-08 01:37:43.218282;
1;valid;DDDDDDDDDDDDDDDDDDDDDDDDDD;last;2022-06-08 01:37:49.986257;
1;valid;2022-06-08 01:24:01.645859;first;2022-06-08 01:37:55.414025;
1;valid;2022-06-08 01:24:29.044814;first;2022-06-08 01:37:57.833047;
1;valid;2022-06-08 01:24:01.645859;other;2022-06-08 01:38:00.656261;
1;valid;DDDDDDDDDDDDDDDDDDDDDDDDDD;other;2022-06-08 01:38:02.405372;
1;valid;2022-06-08 01:24:01.645859;multi_received;
1;valid;DDDDDDDDDDDDDDDDDDDDDDDDDD;last;2022-06-08 01:38:09.483356;
1;valid;2022-06-08 01:24:01.645859;multi_received;
1;valid;2022-06-08 01:24:30.053652;first;2022-06-08 01:38:14.736091;
1;valid;2022-06-08 01:24:01.645859;multi_received;
1;valid;DDDDDDDDDDDDDDDDDDDDDDDDDD;other;2022-06-08 01:38:19.505086;
1;valid;DDDDDDDDDDDDDDDDDDDDDDDDDD;last;2022-06-08 01:38:24.183071;
1;valid;2022-06-08 01:24:31.061714;first;2022-06-08 01:38:26.919823;
1;invalid;2022-06-08 01:38:29.077099
1;valid;DDDDDDDDDDDDDDDDDDDDDDDDDD;other;2022-06-08 01:38:33.671268;
1;valid;DDDDDDDDDDDDDDDDDDDDDDDDDD;last;2022-06-08 01:38:40.425497;
1;valid;2022-06-08 01:24:32.073944;first;2022-06-08 01:38:53.498240;
1;valid;2022-06-08 01:24:02.661248;first;2022-06-08 01:39:02.194400;
1;valid;DDDDDDDDDDDDDDDDDDDDDDDDDD;other;2022-06-08 01:39:04.800936;
1;valid;DDDDDDDDDDDDDDDDDDDDDDDDDD;last;2022-06-08 01:39:09.124679;
1;valid;2022-06-08 01:24:03.675437;first;2022-06-08 01:39:15.251190;
1;valid;2022-06-08 01:24:33.088311;first;2022-06-08 01:39:24.204213;
1;valid;2022-06-08 01:24:03.675437;other;2022-06-08 01:39:25.943899;
1;valid;DDDDDDDDDDDDDDDDDDDDDDDDDD;other;2022-06-08 01:39:28.365380;
1;valid;2022-06-08 01:24:03.675437;multi_received;
1;valid;2022-06-08 01:24:34.098083;first;2022-06-08 01:39:44.691624;
1;valid;DDDDDDDDDDDDDDDDDDDDDDDDDD;other;2022-06-08 01:39:49.272541;
1;valid;AAAAAAAAAAAAAAAAAAAAAAAAAA;last;2022-06-08 01:39:53.685615;
1;valid;DDDDDDDDDDDDDDDDDDDDDDDDDD;last;2022-06-08 01:39:56.108967;
1;valid;2022-06-08 01:24:35.105011;first;2022-06-08 01:40:01.801494;
1;valid;AAAAAAAAAAAAAAAAAAAAAAAAAA;multi_received;
1;valid;DDDDDDDDDDDDDDDDDDDDDDDDDD;other;2022-06-08 01:40:06.449103;
1;valid;DDDDDDDDDDDDDDDDDDDDDDDDDD;last;2022-06-08 01:40:10.864473;
1;invalid;2022-06-08 01:40:11.739623
1;valid;2022-06-08 01:24:36.114659;first;2022-06-08 01:40:16.409004;
1;valid;DDDDDDDDDDDDDDDDDDDDDDDDDD;other;2022-06-08 01:40:23.119009;
1;valid;DDDDDDDDDDDDDDDDDDDDDDDDDD;last;2022-06-08 01:40:29.811731;
1;valid;2022-06-08 01:24:04.698445;first;2022-06-08 01:40:34.314931;
1;valid;2022-06-08 01:24:37.126270;first;2022-06-08 01:40:37.746499;
1;valid;2022-06-08 01:24:04.698445;other;2022-06-08 01:40:39.201098;
1;valid;2022-06-08 01:24:38.135514;first;2022-06-08 01:40:48.600364;
1;invalid;2022-06-08 01:40:52.398564
1;valid;DDDDDDDDDDDDDDDDDDDDDDDDDD;other;2022-06-08 01:40:55.217668;
1;invalid;2022-06-08 01:40:57.408846
1;valid;DDDDDDDDDDDDDDDDDDDDDDDDDD;last;2022-06-08 01:40:59.301611;
1;valid;2022-06-08 01:24:05.715010;first;2022-06-08 01:41:00.748991;
1;valid;2022-06-08 01:24:39.145138;first;2022-06-08 01:41:02.598375;
1;valid;2022-06-08 01:24:05.715010;multi_received;
1;valid;DDDDDDDDDDDDDDDDDDDDDDDDDD;other;2022-06-08 01:41:11.385877;
1;valid;2022-06-08 01:24:05.715010;multi_received;
1;valid;2022-06-08 01:24:40.156819;first;2022-06-08 01:41:19.668283;
1;valid;DDDDDDDDDDDDDDDDDDDDDDDDDD;other;2022-06-08 01:41:26.136263;
1;valid;DDDDDDDDDDDDDDDDDDDDDDDDDD;last;2022-06-08 01:41:30.451918;
1;invalid;2022-06-08 01:41:31.466397
1;valid;2022-06-08 01:24:06.729334;first;2022-06-08 01:41:42.727369;
1;valid;2022-06-08 01:24:41.167448;first;2022-06-08 01:41:44.574907;
1;valid;DDDDDDDDDDDDDDDDDDDDDDDDDD;other;2022-06-08 01:41:51.112571;
1;valid;2022-06-08 01:24:06.729334;multi_received;
1;valid;DDDDDDDDDDDDDDDDDDDDDDDDDD;multi_received;
1;valid;2022-06-08 01:24:06.729334;multi_received;
1;valid;DDDDDDDDDDDDDDDDDDDDDDDDDD;last;2022-06-08 01:42:06.683353;
1;valid;2022-06-08 01:24:07.743005;first;2022-06-08 01:42:09.151676;
1;valid;2022-06-08 01:24:42.176348;first;2022-06-08 01:42:16.888171;
1;valid;DDDDDDDDDDDDDDDDDDDDDDDDDD;other;2022-06-08 01:42:21.259290;
1;valid;DDDDDDDDDDDDDDDDDDDDDDDDDD;last;2022-06-08 01:42:25.802235;
1;valid;2022-06-08 01:24:43.183048;first;2022-06-08 01:42:33.578646;
1;invalid;2022-06-08 01:42:37.632340
1;valid;DDDDDDDDDDDDDDDDDDDDDDDDDD;other;2022-06-08 01:42:40.318113;
1;invalid;2022-06-08 01:42:42.472407
1;valid;DDDDDDDDDDDDDDDDDDDDDDDDDD;last;2022-06-08 01:42:45.035809;
1;valid;2022-06-08 01:24:08.757783;first;2022-06-08 01:42:50.853684;
1;valid;2022-06-08 01:24:44.195261;first;2022-06-08 01:42:57.377660;
1;valid;2022-06-08 01:24:45.208686;first;2022-06-08 01:43:05.823642;
1;valid;DDDDDDDDDDDDDDDDDDDDDDDDDD;other;2022-06-08 01:43:10.097655;
1;valid;DDDDDDDDDDDDDDDDDDDDDDDDDD;last;2022-06-08 01:43:14.388834;
1;invalid;2022-06-08 01:43:15.373192
1;valid;2022-06-08 01:24:46.220941;first;2022-06-08 01:43:22.281857;
1;valid;2022-06-08 01:24:47.235386;first;2022-06-08 01:43:42.153612;
1;valid;2022-06-08 01:24:10.795541;first;2022-06-08 01:43:58.247382;
1;valid;2022-06-08 01:24:49.262581;first;2022-06-08 01:44:00.890713;
1;valid;2022-06-08 01:24:10.795541;multi_received;
1;valid;DDDDDDDDDDDDDDDDDDDDDDDDDD;other;2022-06-08 01:44:05.113867;
1;valid;DDDDDDDDDDDDDDDDDDDDDDDDDD;last;2022-06-08 01:44:14.008334;
1;valid;2022-06-08 01:24:50.272130;first;2022-06-08 01:44:19.854840;
1;valid;DDDDDDDDDDDDDDDDDDDDDDDDDD;other;2022-06-08 01:44:24.340361;
1;valid;2022-06-08 01:24:11.814090;first;2022-06-08 01:44:29.029056;
1;valid;DDDDDDDDDDDDDDDDDDDDDDDDDD;last;2022-06-08 01:44:30.902019;
1;valid;2022-06-08 01:24:11.814090;multi_received;
1;valid;2022-06-08 01:24:51.281021;first;2022-06-08 01:44:39.020284;
1;valid;2022-06-08 01:24:11.814090;multi_received;
1;valid;DDDDDDDDDDDDDDDDDDDDDDDDDD;other;2022-06-08 01:44:43.205147;
1;valid;2022-06-08 01:24:11.814090;multi_received;
1;valid;2022-06-08 01:24:52.289882;first;2022-06-08 01:45:03.435191;
1;valid;DDDDDDDDDDDDDDDDDDDDDDDDDD;other;2022-06-08 01:45:05.060518;
1;valid;2022-06-08 01:24:12.828553;first;2022-06-08 01:45:09.653514;
1;valid;DDDDDDDDDDDDDDDDDDDDDDDDDD;last;2022-06-08 01:45:11.432413;
1;valid;2022-06-08 01:24:53.302120;first;2022-06-08 01:45:17.075136;
1;valid;2022-06-08 01:24:54.314682;first;2022-06-08 01:45:27.206370;
1;valid;DDDDDDDDDDDDDDDDDDDDDDDDDD;other;2022-06-08 01:45:31.772889;
1;valid;DDDDDDDDDDDDDDDDDDDDDDDDDD;last;2022-06-08 01:45:38.609869;
1;valid;2022-06-08 01:24:13.849193;first;2022-06-08 01:45:42.368069;
1;valid;2022-06-08 01:24:55.323548;first;2022-06-08 01:45:44.143108;
1;valid;DDDDDDDDDDDDDDDDDDDDDDDDDD;other;2022-06-08 01:45:51.289442;
1;valid;DDDDDDDDDDDDDDDDDDDDDDDDDD;last;2022-06-08 01:45:57.710286;
1;valid;2022-06-08 01:24:56.330307;first;2022-06-08 01:46:09.322567;
1;valid;DDDDDDDDDDDDDDDDDDDDDDDDDD;other;2022-06-08 01:46:13.657230;
1;valid;AAAAAAAAAAAAAAAAAAAAAAAAAA;other;2022-06-08 01:46:20.104883;
1;valid;DDDDDDDDDDDDDDDDDDDDDDDDDD;last;2022-06-08 01:46:22.482819;
1;valid;AAAAAAAAAAAAAAAAAAAAAAAAAA;multi_received;
1;valid;DDDDDDDDDDDDDDDDDDDDDDDDDD;multi_received;
1;valid;AAAAAAAAAAAAAAAAAAAAAAAAAA;last;2022-06-08 01:46:31.379616;
1;valid;2022-06-08 01:24:57.337719;first;2022-06-08 01:46:34.216267;
1;valid;AAAAAAAAAAAAAAAAAAAAAAAAAA;other;2022-06-08 01:46:36.552271;
1;valid;DDDDDDDDDDDDDDDDDDDDDDDDDD;other;2022-06-08 01:46:40.940262;
1;valid;AAAAAAAAAAAAAAAAAAAAAAAAAA;multi_received;
1;invalid;2022-06-08 01:46:47.878182
1;valid;2022-06-08 01:24:58.350055;first;2022-06-08 01:46:50.254908;
1;valid;2022-06-08 01:24:14.863343;first;2022-06-08 01:46:59.402436;
1;valid;DDDDDDDDDDDDDDDDDDDDDDDDDD;other;2022-06-08 01:47:01.026914;
1;valid;DDDDDDDDDDDDDDDDDDDDDDDDDD;last;2022-06-08 01:47:09.956181;
1;valid;2022-06-08 01:24:14.863343;other;2022-06-08 01:47:16.902231;
1;valid;2022-06-08 01:24:59.365231;first;2022-06-08 01:47:20.194588;
1;valid;DDDDDDDDDDDDDDDDDDDDDDDDDD;other;2022-06-08 01:47:24.821112;
1;invalid;2022-06-08 01:47:29.532860
1;valid;DDDDDDDDDDDDDDDDDDDDDDDDDD;last;2022-06-08 01:47:31.352248;
1;valid;2022-06-08 01:24:15.877158;first;2022-06-08 01:47:35.879205;
1;valid;2022-06-08 01:25:00.376915;first;2022-06-08 01:47:39.222511;
1;valid;DDDDDDDDDDDDDDDDDDDDDDDDDD;other;2022-06-08 01:47:46.019580;
1;valid;DDDDDDDDDDDDDDDDDDDDDDDDDD;last;2022-06-08 01:47:50.383611;
1;valid;2022-06-08 01:25:01.388585;first;2022-06-08 01:47:55.770840;
1;valid;DDDDDDDDDDDDDDDDDDDDDDDDDD;other;2022-06-08 01:48:00.303494;
1;valid;DDDDDDDDDDDDDDDDDDDDDDDDDD;last;2022-06-08 01:48:04.760350;
1;valid;2022-06-08 01:25:02.397963;first;2022-06-08 01:48:10.319696;
1;valid;DDDDDDDDDDDDDDDDDDDDDDDDDD;other;2022-06-08 01:48:11.977395;
1;valid;DDDDDDDDDDDDDDDDDDDDDDDDDD;last;2022-06-08 01:48:16.342784;
1;valid;2022-06-08 01:24:16.907436;first;2022-06-08 01:48:21.772439;
1;valid;2022-06-08 01:25:03.410170;first;2022-06-08 01:48:28.150179;
1;valid;2022-06-08 01:24:16.907436;other;2022-06-08 01:48:32.647750;
1;valid;DDDDDDDDDDDDDDDDDDDDDDDDDD;other;2022-06-08 01:48:35.346225;
1;valid;2022-06-08 01:24:16.907436;multi_received;
1;valid;DDDDDDDDDDDDDDDDDDDDDDDDDD;last;2022-06-08 01:48:39.318570;
1;valid;2022-06-08 01:25:04.422244;first;2022-06-08 01:48:44.660390;
1;invalid;2022-06-08 01:48:45.477794
1;valid;DDDDDDDDDDDDDDDDDDDDDDDDDD;other;2022-06-08 01:48:46.783280;
1;valid;DDDDDDDDDDDDDDDDDDDDDDDDDD;last;2022-06-08 01:48:53.438259;
1;valid;2022-06-08 01:24:17.921712;first;2022-06-08 01:48:57.928413;
1;valid;2022-06-08 01:25:05.434525;first;2022-06-08 01:49:01.325290;
1;valid;DDDDDDDDDDDDDDDDDDDDDDDDDD;other;2022-06-08 01:49:05.663107;
1;valid;DDDDDDDDDDDDDDDDDDDDDDDDDD;last;2022-06-08 01:49:10.092472;
1;valid;2022-06-08 01:25:06.447133;first;2022-06-08 01:49:15.606967;
1;valid;DDDDDDDDDDDDDDDDDDDDDDDDDD;other;2022-06-08 01:49:22.115274;
1;valid;DDDDDDDDDDDDDDDDDDDDDDDDDD;last;2022-06-08 01:49:23.885641;
1;valid;2022-06-08 01:24:18.935136;first;2022-06-08 01:49:28.436034;
1;valid;2022-06-08 01:25:07.454370;first;2022-06-08 01:49:32.104321;
1;valid;DDDDDDDDDDDDDDDDDDDDDDDDDD;other;2022-06-08 01:49:36.549040;
1;valid;2022-06-08 01:24:18.935136;multi_received;
1;valid;DDDDDDDDDDDDDDDDDDDDDDDDDD;last;2022-06-08 01:49:43.597273;
1;invalid;2022-06-08 01:49:45.937493
1;valid;2022-06-08 01:25:08.460789;first;2022-06-08 01:49:48.361472;
1;valid;2022-06-08 01:24:18.935136;multi_received;
1;valid;DDDDDDDDDDDDDDDDDDDDDDDDDD;other;2022-06-08 01:49:52.554337;
1;valid;DDDDDDDDDDDDDDDDDDDDDDDDDD;last;2022-06-08 01:49:56.941705;
1;invalid;2022-06-08 01:49:59.102766
1;valid;2022-06-08 01:25:09.471880;first;2022-06-08 01:50:04.748563;
1;valid;DDDDDDDDDDDDDDDDDDDDDDDDDD;other;2022-06-08 01:50:06.434994;
1;valid;2022-06-08 01:24:19.948766;first;2022-06-08 01:50:10.879691;
1;valid;DDDDDDDDDDDDDDDDDDDDDDDDDD;last;2022-06-08 01:50:13.547274;
1;valid;2022-06-08 01:24:19.948766;multi_received;
1;valid;2022-06-08 01:25:10.486254;first;2022-06-08 01:50:19.285677;
1;valid;2022-06-08 01:24:19.948766;multi_received;
1;valid;DDDDDDDDDDDDDDDDDDDDDDDDDD;other;2022-06-08 01:50:23.858027;
1;valid;DDDDDDDDDDDDDDDDDDDDDDDDDD;last;2022-06-08 01:50:30.351999;
1;valid;2022-06-08 01:25:11.506514;first;2022-06-08 01:50:35.787629;
1;invalid;2022-06-08 01:50:41.045269
1;valid;DDDDDDDDDDDDDDDDDDDDDDDDDD;other;2022-06-08 01:50:42.460164;
1;valid;2022-06-08 01:24:20.960755;first;2022-06-08 01:50:49.521127;
1;valid;2022-06-08 01:25:12.525701;first;2022-06-08 01:50:52.110910;
1;valid;2022-06-08 01:24:20.960755;multi_received;
1;valid;DDDDDDDDDDDDDDDDDDDDDDDDDD;other;2022-06-08 01:50:56.523006;
1;valid;DDDDDDDDDDDDDDDDDDDDDDDDDD;last;2022-06-08 01:51:00.991233;
1;valid;2022-06-08 01:25:13.547558;first;2022-06-08 01:51:08.720881;
1;valid;DDDDDDDDDDDDDDDDDDDDDDDDDD;other;2022-06-08 01:51:13.340112;
1;valid;DDDDDDDDDDDDDDDDDDDDDDDDDD;last;2022-06-08 01:51:17.721209;
1;invalid;2022-06-08 01:51:19.902454
1;valid;2022-06-08 01:25:14.559079;first;2022-06-08 01:51:23.334675;
1;valid;2022-06-08 01:24:21.984357;first;2022-06-08 01:51:25.772383;
1;valid;2022-06-08 01:25:14.559079;multi_received;
1;valid;2022-06-08 01:24:21.984357;multi_received;
1;valid;DDDDDDDDDDDDDDDDDDDDDDDDDD;other;2022-06-08 01:51:35.057876;
1;valid;2022-06-08 01:24:21.984357;multi_received;
1;valid;DDDDDDDDDDDDDDDDDDDDDDDDDD;multi_received;
1;valid;DDDDDDDDDDDDDDDDDDDDDDDDDD;last;2022-06-08 01:51:46.078473;
1;valid;2022-06-08 01:24:21.984357;multi_received;
1;valid;2022-06-08 01:25:15.571690;first;2022-06-08 01:51:51.298547;
1;valid;DDDDDDDDDDDDDDDDDDDDDDDDDD;other;2022-06-08 01:51:55.895532;
1;valid;2022-06-08 01:24:22.993511;first;2022-06-08 01:52:02.032165;
1;valid;DDDDDDDDDDDDDDDDDDDDDDDDDD;last;2022-06-08 01:52:09.387140;
1;valid;2022-06-08 01:25:16.584797;first;2022-06-08 01:52:14.951716;
1;valid;DDDDDDDDDDDDDDDDDDDDDDDDDD;other;2022-06-08 01:52:19.519139;
1;valid;DDDDDDDDDDDDDDDDDDDDDDDDDD;last;2022-06-08 01:52:23.947291;
1;valid;2022-06-08 01:25:17.603277;first;2022-06-08 01:52:29.470833;
1;valid;DDDDDDDDDDDDDDDDDDDDDDDDDD;other;2022-06-08 01:52:34.059751;
1;valid;DDDDDDDDDDDDDDDDDDDDDDDDDD;last;2022-06-08 01:52:38.531004;
1;valid;2022-06-08 01:24:24.006350;first;2022-06-08 01:52:50.659604;
1;valid;2022-06-08 01:25:18.618777;first;2022-06-08 01:52:55.087173;
1;valid;DDDDDDDDDDDDDDDDDDDDDDDDDD;other;2022-06-08 01:52:59.732362;
1;valid;DDDDDDDDDDDDDDDDDDDDDDDDDD;last;2022-06-08 01:53:09.180380;
1;valid;2022-06-08 01:24:25.020043;first;2022-06-08 01:53:11.902391;
1;valid;2022-06-08 01:25:19.630937;first;2022-06-08 01:53:14.395347;
1;valid;2022-06-08 01:24:25.020043;other;2022-06-08 01:53:17.040897;
1;valid;DDDDDDDDDDDDDDDDDDDDDDDDDD;other;2022-06-08 01:53:18.578775;
1;valid;2022-06-08 01:24:25.020043;multi_received;
1;valid;DDDDDDDDDDDDDDDDDDDDDDDDDD;last;2022-06-08 01:53:25.507899;
1;valid;2022-06-08 01:24:25.020043;multi_received;
1;valid;2022-06-08 01:25:20.649262;first;2022-06-08 01:53:35.941124;
1;valid;DDDDDDDDDDDDDDDDDDDDDDDDDD;other;2022-06-08 01:53:40.380388;
1;invalid;2022-06-08 01:53:41.122248
1;valid;DDDDDDDDDDDDDDDDDDDDDDDDDD;last;2022-06-08 01:53:42.475182;
1;valid;2022-06-08 01:24:26.033666;first;2022-06-08 01:53:47.173613;
1;valid;AAAAAAAAAAAAAAAAAAAAAAAAAA;other;2022-06-08 01:53:52.391082;
1;valid;2022-06-08 01:25:21.666975;first;2022-06-08 01:53:54.744136;
1;valid;AAAAAAAAAAAAAAAAAAAAAAAAAA;multi_received;
1;valid;DDDDDDDDDDDDDDDDDDDDDDDDDD;other;2022-06-08 01:54:06.133727;
1;valid;DDDDDDDDDDDDDDDDDDDDDDDDDD;last;2022-06-08 01:54:10.505627;
1;valid;AAAAAAAAAAAAAAAAAAAAAAAAAA;multi_received;
1;valid;2022-06-08 01:25:22.683134;first;2022-06-08 01:54:15.810070;
1;valid;DDDDDDDDDDDDDDDDDDDDDDDDDD;other;2022-06-08 01:54:20.071956;
1;valid;2022-06-08 01:24:27.051176;first;2022-06-08 01:54:21.423767;
1;valid;DDDDDDDDDDDDDDDDDDDDDDDDDD;last;2022-06-08 01:54:29.016747;
1;valid;2022-06-08 01:25:23.703265;first;2022-06-08 01:54:34.267462;
1;valid;DDDDDDDDDDDDDDDDDDDDDDDDDD;other;2022-06-08 01:54:42.981834;
1;valid;DDDDDDDDDDDDDDDDDDDDDDDDDD;last;2022-06-08 01:54:47.485131;
1;valid;DDDDDDDDDDDDDDDDDDDDDDDDDD;multi_received;
1;invalid;2022-06-08 01:54:57.028860
1;valid;DDDDDDDDDDDDDDDDDDDDDDDDDD;multi_received;
1;valid;2022-06-08 01:24:28.068543;first;2022-06-08 01:55:01.983213;
1;valid;DDDDDDDDDDDDDDDDDDDDDDDDDD;last;2022-06-08 01:55:03.611093;
1;valid;2022-06-08 01:23:53.496712;full;2022-06-08 01:55:08.748911;
1;valid;2022-06-08 01:23:54.515807;multi_received;
1;valid;DDDDDDDDDDDDDDDDDDDDDDDDDD;multi_received;
1;invalid;2022-06-08 01:55:20.588271
1;valid;DDDDDDDDDDDDDDDDDDDDDDDDDD;multi_received;
1;valid;2022-06-08 01:24:29.086053;first;2022-06-08 01:55:27.059552;
1;valid;DDDDDDDDDDDDDDDDDDDDDDDDDD;multi_received;
1;valid;AAAAAAAAAAAAAAAAAAAAAAAAAA;other;2022-06-08 01:55:55.163795;
1;valid;DDDDDDDDDDDDDDDDDDDDDDDDDD;multi_received;
1;valid;2022-06-08 01:23:57.571307;multi_received;
1;valid;DDDDDDDDDDDDDDDDDDDDDDDDDD;multi_received;
1;valid;2022-06-08 01:24:00.631165;multi_received;
1;valid;DDDDDDDDDDDDDDDDDDDDDDDDDD;multi_received;
1;valid;2022-06-08 01:24:03.675437;multi_received;
1;valid;DDDDDDDDDDDDDDDDDDDDDDDDDD;multi_received;
1;valid;DDDDDDDDDDDDDDDDDDDDDDDDDD;last;2022-06-08 01:56:34.657628;
1;valid;DDDDDDDDDDDDDDDDDDDDDDDDDD;multi_received;
1;invalid;2022-06-08 01:56:43.227726
1;valid;2022-06-08 01:24:06.729334;multi_received;
1;valid;DDDDDDDDDDDDDDDDDDDDDDDDDD;multi_received;
1;valid;DDDDDDDDDDDDDDDDDDDDDDDDDD;last;2022-06-08 01:56:53.893830;
1;valid;2022-06-08 01:24:31.120171;first;2022-06-08 01:57:00.805403;
1;valid;DDDDDDDDDDDDDDDDDDDDDDDDDD;multi_received;
1;valid;DDDDDDDDDDDDDDDDDDDDDDDDDD;last;2022-06-08 01:57:07.960527;
1;valid;DDDDDDDDDDDDDDDDDDDDDDDDDD;first;2022-06-08 01:57:13.277665;
1;valid;DDDDDDDDDDDDDDDDDDDDDDDDDD;last;2022-06-08 01:57:17.646974;
1;invalid;2022-06-08 01:57:18.508204
1;valid;DDDDDDDDDDDDDDDDDDDDDDDDDD;first;2022-06-08 01:57:22.760843;
1;invalid;2022-06-08 01:57:23.511070
1;valid;DDDDDDDDDDDDDDDDDDDDDDDDDD;last;2022-06-08 01:57:24.849123;
1;valid;2022-06-08 01:24:32.143638;first;2022-06-08 01:57:29.924362;
1;valid;DDDDDDDDDDDDDDDDDDDDDDDDDD;multi_received;
1;valid;DDDDDDDDDDDDDDDDDDDDDDDDDD;last;2022-06-08 01:57:45.833427;
1;valid;2022-06-08 01:24:32.143638;multi_received;
1;valid;AAAAAAAAAAAAAAAAAAAAAAAAAA;multi_received;
1;valid;DDDDDDDDDDDDDDDDDDDDDDDDDD;multi_received;
1;valid;AAAAAAAAAAAAAAAAAAAAAAAAAA;first;2022-06-08 01:58:06.254672;
1;valid;DDDDDDDDDDDDDDDDDDDDDDDDDD;multi_received;
1;valid;AAAAAAAAAAAAAAAAAAAAAAAAAA;other;2022-06-08 01:58:12.390595;
1;valid;2022-06-08 01:24:28.068543;multi_received;
1;valid;2022-06-08 01:24:29.086053;full;2022-06-08 01:58:16.343968;
1;valid;AAAAAAAAAAAAAAAAAAAAAAAAAA;last;2022-06-08 01:58:38.323389;
1;valid;2022-06-08 01:24:34.173519;first;2022-06-08 01:58:56.140796;
1;invalid;2022-06-08 01:59:01.179556
1;valid;AAAAAAAAAAAAAAAAAAAAAAAAAA;first;2022-06-08 01:59:29.037069;
1;invalid;2022-06-08 01:59:52.141497
1;valid;2022-06-08 01:24:36.213576;full;2022-06-08 01:59:54.119926;
1;valid;AAAAAAAAAAAAAAAAAAAAAAAAAA;first;2022-06-08 01:59:56.869881;
1;valid;AAAAAAAAAAAAAAAAAAAAAAAAAA;other;2022-06-08 02:00:21.673719;
1;valid;AAAAAAAAAAAAAAAAAAAAAAAAAA;first;2022-06-08 02:00:44.460705;
1;invalid;2022-06-08 02:00:49.619311
1;valid;AAAAAAAAAAAAAAAAAAAAAAAAAA;full;2022-06-08 02:00:51.557411;
1;valid;2022-06-08 01:24:38.249902;first;2022-06-08 02:01:01.270081;
1;invalid;2022-06-08 02:01:06.422506
1;valid;2022-06-08 01:24:38.249902;multi_received;
1;valid;2022-06-08 01:24:39.263221;first;2022-06-08 02:01:29.641827;
1;valid;AAAAAAAAAAAAAAAAAAAAAAAAAA;other;2022-06-08 02:01:45.229160;
1;valid;AAAAAAAAAAAAAAAAAAAAAAAAAA;multi_received;
1;valid;AAAAAAAAAAAAAAAAAAAAAAAAAA;last;2022-06-08 02:01:50.160274;
1;valid;2022-06-08 01:24:40.280833;first;2022-06-08 02:02:07.838514;
1;valid;2022-06-08 01:24:40.280833;full;2022-06-08 02:02:10.066019;
1;valid;AAAAAAAAAAAAAAAAAAAAAAAAAA;other;2022-06-08 02:02:12.936453;
1;valid;AAAAAAAAAAAAAAAAAAAAAAAAAA;last;2022-06-08 02:02:33.144272;
1;valid;AAAAAAAAAAAAAAAAAAAAAAAAAA;multi_received;
1;invalid;2022-06-08 02:02:48.096618
1;valid;2022-06-08 01:24:41.296160;first;2022-06-08 02:02:55.810679;
1;invalid;2022-06-08 02:03:01.046151
1;valid;2022-06-08 01:24:41.296160;multi_received;
1;invalid;2022-06-08 02:03:23.446527
1;valid;2022-06-08 01:24:42.313423;full;2022-06-08 02:03:25.385117;
1;valid;AAAAAAAAAAAAAAAAAAAAAAAAAA;first;2022-06-08 02:03:28.378113;
1;valid;AAAAAAAAAAAAAAAAAAAAAAAAAA;other;2022-06-08 02:03:43.642176;
1;valid;AAAAAAAAAAAAAAAAAAAAAAAAAA;multi_received;
1;valid;2022-06-08 01:23:46.543042;multi_received;
1;valid;2022-06-08 01:24:43.342891;first;2022-06-08 02:04:06.023031;
1;valid;2022-06-08 01:24:43.342891;multi_received;
1;invalid;2022-06-08 02:04:21.313040
1;valid;AAAAAAAAAAAAAAAAAAAAAAAAAA;multi_received;
1;valid;AAAAAAAAAAAAAAAAAAAAAAAAAA;other;2022-06-08 02:04:25.963252;
1;valid;2022-06-08 01:24:44.355727;first;2022-06-08 02:04:58.998111;
1;invalid;2022-06-08 02:05:16.761395
1;valid;2022-06-08 01:24:45.370018;full;2022-06-08 02:05:18.768455;
1;valid;AAAAAAAAAAAAAAAAAAAAAAAAAA;first;2022-06-08 02:05:21.367222;
1;valid;AAAAAAAAAAAAAAAAAAAAAAAAAA;multi_received;
1;invalid;2022-06-08 02:05:36.455295
1;valid;AAAAAAAAAAAAAAAAAAAAAAAAAA;other;2022-06-08 02:05:41.221831;
1;valid;AAAAAAAAAAAAAAAAAAAAAAAAAA;multi_received;
1;invalid;2022-06-08 02:05:56.308571
1;valid;2022-06-08 01:24:46.392764;first;2022-06-08 02:06:13.434759;
1;valid;2022-06-08 01:24:46.392764;multi_received;
1;valid;AAAAAAAAAAAAAAAAAAAAAAAAAA;first;2022-06-08 02:07:01.055551;
1;invalid;2022-06-08 02:07:06.261465
1;valid;AAAAAAAAAAAAAAAAAAAAAAAAAA;full;2022-06-08 02:07:08.205705;
1;valid;2022-06-08 01:24:48.429965;first;2022-06-08 02:07:18.503530;
1;valid;2022-06-08 01:24:48.429965;multi_received;
1;valid;AAAAAAAAAAAAAAAAAAAAAAAAAA;other;2022-06-08 02:07:23.500174;
1;valid;AAAAAAAAAAAAAAAAAAAAAAAAAA;last;2022-06-08 02:07:28.347280;
1;valid;AAAAAAAAAAAAAAAAAAAAAAAAAA;multi_received;
1;valid;2022-06-08 01:24:49.447816;first;2022-06-08 02:07:45.589851;
1;invalid;2022-06-08 02:08:05.557327
1;valid;AAAAAAAAAAAAAAAAAAAAAAAAAA;other;2022-06-08 02:08:10.285885;
1;invalid;2022-06-08 02:08:15.467258
1;valid;AAAAAAAAAAAAAAAAAAAAAAAAAA;full;2022-06-08 02:08:17.487121;
1;valid;AAAAAAAAAAAAAAAAAAAAAAAAAA;last;2022-06-08 02:08:20.206463;
1;valid;2022-06-08 01:24:50.472226;first;2022-06-08 02:08:27.671102;
1;valid;2022-06-08 01:24:50.472226;multi_received;
1;valid;AAAAAAAAAAAAAAAAAAAAAAAAAA;other;2022-06-08 02:08:37.576233;
1;valid;AAAAAAAAAAAAAAAAAAAAAAAAAA;multi_received;
1;invalid;2022-06-08 02:08:58.118226
1;valid;AAAAAAAAAAAAAAAAAAAAAAAAAA;multi_received;
1;valid;2022-06-08 01:24:51.488190;first;2022-06-08 02:09:25.596183;
1;valid;2022-06-08 01:24:51.488190;full;2022-06-08 02:09:27.817410;
1;valid;AAAAAAAAAAAAAAAAAAAAAAAAAA;first;2022-06-08 02:10:08.921722;
1;valid;2022-06-08 01:24:53.528103;first;2022-06-08 02:10:26.573637;
1;valid;2022-06-08 01:24:54.545951;first;2022-06-08 02:10:53.936417;
1;valid;2022-06-08 01:24:54.545951;multi_received;
1;valid;AAAAAAAAAAAAAAAAAAAAAAAAAA;other;2022-06-08 02:11:23.976938;
1;valid;AAAAAAAAAAAAAAAAAAAAAAAAAA;last;2022-06-08 02:11:34.305877;
1;valid;AAAAAAAAAAAAAAAAAAAAAAAAAA;multi_received;
1;valid;2022-06-08 01:24:55.564039;first;2022-06-08 02:11:41.711012;
1;valid;2022-06-08 01:24:55.564039;multi_received;
1;valid;AAAAAAAAAAAAAAAAAAAAAAAAAA;other;2022-06-08 02:12:01.811639;
1;invalid;2022-06-08 02:12:29.793772
1;valid;2022-06-08 01:24:56.577640;full;2022-06-08 02:12:31.812530;
1;valid;2022-06-08 01:24:56.577640;multi_received;
1;valid;2022-06-08 01:24:57.593371;first;2022-06-08 02:13:03.163955;
1;valid;2022-06-08 01:24:57.593371;multi_received;
1;valid;AAAAAAAAAAAAAAAAAAAAAAAAAA;other;2022-06-08 02:13:08.205853;
1;valid;2022-06-08 01:24:58.606831;first;2022-06-08 02:13:35.650286;
1;valid;2022-06-08 01:24:58.606831;multi_received;
1;invalid;2022-06-08 02:14:05.422472
1;valid;AAAAAAAAAAAAAAAAAAAAAAAAAA;full;2022-06-08 02:14:07.391667;
1;valid;AAAAAAAAAAAAAAAAAAAAAAAAAA;other;2022-06-08 02:14:10.244091;
1;valid;2022-06-08 01:24:59.619835;first;2022-06-08 02:14:17.593098;
1;valid;2022-06-08 01:24:59.619835;full;2022-06-08 02:14:19.729518;
1;valid;AAAAAAAAAAAAAAAAAAAAAAAAAA;other;2022-06-08 02:14:22.438986;
1;invalid;2022-06-08 02:14:32.532748
1;valid;AAAAAAAAAAAAAAAAAAAAAAAAAA;multi_received;
1;valid;AAAAAAAAAAAAAAAAAAAAAAAAAA;last;2022-06-08 02:14:37.181559;
1;valid;AAAAAAAAAAAAAAAAAAAAAAAAAA;multi_received;
1;invalid;2022-06-08 02:15:15.530510
1;valid;2022-06-08 01:25:00.637876;full;2022-06-08 02:15:17.518407;
1;valid;2022-06-08 01:25:01.663262;first;2022-06-08 02:15:33.003344;
1;valid;2022-06-08 01:25:01.663262;full;2022-06-08 02:15:35.213788;
1;valid;AAAAAAAAAAAAAAAAAAAAAAAAAA;other;2022-06-08 02:15:37.988577;
1;invalid;2022-06-08 02:15:43.153738
1;valid;AAAAAAAAAAAAAAAAAAAAAAAAAA;multi_received;
1;valid;2022-06-08 01:25:02.677889;first;2022-06-08 02:16:05.434732;
1;valid;2022-06-08 01:25:02.677889;full;2022-06-08 02:16:07.687978;
1;invalid;2022-06-08 02:16:18.302566
1;valid;2022-06-08 01:25:03.686810;full;2022-06-08 02:16:20.281286;
1;valid;2022-06-08 01:25:03.686810;multi_received;
1;valid;2022-06-08 01:25:04.704571;first;2022-06-08 02:16:51.464613;
1;valid;2022-06-08 01:25:05.738886;first;2022-06-08 02:17:14.629393;
1;valid;2022-06-08 01:25:05.738886;multi_received;
1;valid;2022-06-08 01:25:06.751964;first;2022-06-08 02:17:42.201025;
1;valid;2022-06-08 01:25:06.751964;multi_received;
1;valid;AAAAAAAAAAAAAAAAAAAAAAAAAA;multi_received;
1;valid;AAAAAAAAAAAAAAAAAAAAAAAAAA;other;2022-06-08 02:18:02.498489;
1;valid;AAAAAAAAAAAAAAAAAAAAAAAAAA;multi_received;
1;valid;2022-06-08 01:25:07.770559;first;2022-06-08 02:18:50.017533;
1;valid;AAAAAAAAAAAAAAAAAAAAAAAAAA;other;2022-06-08 02:19:09.731829;
1;valid;AAAAAAAAAAAAAAAAAAAAAAAAAA;full;2022-06-08 02:19:16.715711;
1;valid;AAAAAAAAAAAAAAAAAAAAAAAAAA;last;2022-06-08 02:19:24.975674;
1;valid;2022-06-08 01:25:08.785480;first;2022-06-08 02:19:42.684757;
1;valid;AAAAAAAAAAAAAAAAAAAAAAAAAA;other;2022-06-08 02:19:52.871223;
1;valid;AAAAAAAAAAAAAAAAAAAAAAAAAA;multi_received;
1;valid;AAAAAAAAAAAAAAAAAAAAAAAAAA;last;2022-06-08 02:20:12.907846;
1;invalid;2022-06-08 02:20:25.712740
1;valid;2022-06-08 01:25:09.802299;full;2022-06-08 02:20:27.675328;
1;valid;2022-06-08 01:25:09.802299;multi_received;
1;valid;AAAAAAAAAAAAAAAAAAAAAAAAAA;first;2022-06-08 02:20:50.140111;
1;invalid;2022-06-08 02:20:59.998304
1;valid;AAAAAAAAAAAAAAAAAAAAAAAAAA;multi_received;
1;valid;AAAAAAAAAAAAAAAAAAAAAAAAAA;other;2022-06-08 02:21:04.501169;
1;valid;AAAAAAAAAAAAAAAAAAAAAAAAAA;first;2022-06-08 02:21:32.781990;
1;valid;AAAAAAAAAAAAAAAAAAAAAAAAAA;full;2022-06-08 02:21:55.535345;
1;valid;2022-06-08 01:25:11.847729;first;2022-06-08 02:22:01.231436;
1;valid;2022-06-08 01:25:11.847729;multi_received;
1;valid;AAAAAAAAAAAAAAAAAAAAAAAAAA;other;2022-06-08 02:22:26.124991;
1;invalid;2022-06-08 02:22:49.160711
1;valid;2022-06-08 01:25:12.870762;full;2022-06-08 02:22:51.121482;
1;valid;2022-06-08 01:25:12.870762;first;2022-06-08 02:22:59.348415;
1;valid;AAAAAAAAAAAAAAAAAAAAAAAAAA;other;2022-06-08 02:23:14.139754;
1;invalid;2022-06-08 02:23:19.147689
1;valid;AAAAAAAAAAAAAAAAAAAAAAAAAA;last;2022-06-08 02:23:23.695587;
1;valid;AAAAAAAAAAAAAAAAAAAAAAAAAA;multi_received;
1;valid;2022-06-08 01:25:13.894076;first;2022-06-08 02:23:41.135170;
1;valid;AAAAAAAAAAAAAAAAAAAAAAAAAA;other;2022-06-08 02:23:51.167451;
1;valid;AAAAAAAAAAAAAAAAAAAAAAAAAA;last;2022-06-08 02:24:01.126356;
1;invalid;2022-06-08 02:24:06.291716
1;valid;AAAAAAAAAAAAAAAAAAAAAAAAAA;multi_received;
1;invalid;2022-06-08 02:24:28.317336
1;valid;AAAAAAAAAAAAAAAAAAAAAAAAAA;multi_received;
1;valid;AAAAAAAAAAAAAAAAAAAAAAAAAA;last;2022-06-08 02:24:32.986729;
1;valid;2022-06-08 01:25:14.913888;first;2022-06-08 02:24:45.217109;
1;valid;AAAAAAAAAAAAAAAAAAAAAAAAAA;other;2022-06-08 02:25:10.193897;
1;valid;2022-06-08 01:25:15.928331;first;2022-06-08 02:25:33.448528;
1;valid;2022-06-08 01:25:16.941867;first;2022-06-08 02:25:56.590252;
1;valid;2022-06-08 01:25:16.941867;multi_received;
1;valid;AAAAAAAAAAAAAAAAAAAAAAAAAA;other;2022-06-08 02:26:06.837647;
1;valid;2022-06-08 01:25:17.960454;first;2022-06-08 02:26:29.845292;
1;valid;2022-06-08 01:25:17.960454;multi_received;
1;valid;AAAAAAAAAAAAAAAAAAAAAAAAAA;other;2022-06-08 02:26:34.838027;
1;valid;AAAAAAAAAAAAAAAAAAAAAAAAAA;last;2022-06-08 02:26:55.438205;
1;valid;2022-06-08 01:25:18.974310;first;2022-06-08 02:27:02.730254;
1;invalid;2022-06-08 02:27:17.159829
1;valid;AAAAAAAAAAAAAAAAAAAAAAAAAA;other;2022-06-08 02:27:21.758902;
1;invalid;2022-06-08 02:27:26.903577
1;valid;AAAAAAAAAAAAAAAAAAAAAAAAAA;multi_received;
1;valid;AAAAAAAAAAAAAAAAAAAAAAAAAA;last;2022-06-08 02:27:42.022537;
1;invalid;2022-06-08 02:27:59.751808
1;valid;2022-06-08 01:25:19.988329;full;2022-06-08 02:28:01.725791;
1;valid;2022-06-08 01:25:19.988329;first;2022-06-08 02:28:14.858972;
1;valid;2022-06-08 01:25:21.006958;first;2022-06-08 02:28:28.204979;
1;valid;2022-06-08 01:25:22.025978;first;2022-06-08 02:28:56.165026;
1;valid;AAAAAAAAAAAAAAAAAAAAAAAAAA;other;2022-06-08 02:29:06.433807;
1;invalid;2022-06-08 02:29:29.262612
1;valid;2022-06-08 01:25:23.048467;full;2022-06-08 02:29:31.291088;
1;valid;2022-06-08 01:25:23.048467;first;2022-06-08 02:29:44.640950;
1;valid;AAAAAAAAAAAAAAAAAAAAAAAAAA;other;2022-06-08 02:30:00.171208;
1;valid;2022-06-08 01:25:24.066554;first;2022-06-08 02:30:28.019800;
1;valid;2022-06-08 01:25:24.066554;multi_received;
1;valid;AAAAAAAAAAAAAAAAAAAAAAAAAA;other;2022-06-08 02:30:38.104090;
1;valid;AAAAAAAAAAAAAAAAAAAAAAAAAA;multi_received;
1;valid;AAAAAAAAAAAAAAAAAAAAAAAAAA;last;2022-06-08 02:30:42.744819;
1;valid;AAAAAAAAAAAAAAAAAAAAAAAAAA;multi_received;
1;valid;DDDDDDDDDDDDDDDDDDDDDDDDDD;multi_received;
1;valid;AAAAAAAAAAAAAAAAAAAAAAAAAA;multi_received;
1;valid;AAAAAAAAAAAAAAAAAAAAAAAAAA;multi_received;
1;invalid;2022-06-08 02:31:18.505371
1;valid;AAAAAAAAAAAAAAAAAAAAAAAAAA;first;2022-06-08 02:31:43.735116;
1;valid;AAAAAAAAAAAAAAAAAAAAAAAAAA;full;2022-06-08 02:31:46.064654;
1;valid;AAAAAAAAAAAAAAAAAAAAAAAAAA;last;2022-06-08 02:31:48.547586;
1;valid;AAAAAAAAAAAAAAAAAAAAAAAAAA;multi_received;
1;valid;AAAAAAAAAAAAAAAAAAAAAAAAAA;full;2022-06-08 02:32:09.310370;
1;valid;AAAAAAAAAAAAAAAAAAAAAAAAAA;full;2022-06-08 02:32:11.482396;
1;valid;DDDDDDDDDDDDDDDDDDDDDDDDDD;full;2022-06-08 02:32:15.609849;
1;valid;AAAAAAAAAAAAAAAAAAAAAAAAAA;full;2022-06-08 02:32:22.779628;
1;valid;AAAAAAAAAAAAAAAAAAAAAAAAAA;first;2022-06-08 02:32:25.228316;
1;valid;AAAAAAAAAAAAAAAAAAAAAAAAAA;multi_received;
1;valid;2022-06-08 01:23:59.705770;full;2022-06-08 02:32:40.221171;
1;valid;AAAAAAAAAAAAAAAAAAAAAAAAAA;first;2022-06-08 02:32:54.800711;
1;valid;AAAAAAAAAAAAAAAAAAAAAAAAAA;multi_received;
1;valid;AAAAAAAAAAAAAAAAAAAAAAAAAA;last;2022-06-08 02:32:59.309498;
1;valid;AAAAAAAAAAAAAAAAAAAAAAAAAA;multi_received;
1;valid;2022-06-08 01:24:01.727958;full;2022-06-08 02:33:10.098566;
1;invalid;2022-06-08 02:33:15.157168
1;valid;AAAAAAAAAAAAAAAAAAAAAAAAAA;full;2022-06-08 02:33:17.057312;
1;valid;AAAAAAAAAAAAAAAAAAAAAAAAAA;first;2022-06-08 02:33:21.837969;
1;valid;AAAAAAAAAAAAAAAAAAAAAAAAAA;last;2022-06-08 02:33:26.373245;
1;valid;AAAAAAAAAAAAAAAAAAAAAAAAAA;multi_received;
1;valid;AAAAAAAAAAAAAAAAAAAAAAAAAA;first;2022-06-08 02:33:37.860439;
1;valid;AAAAAAAAAAAAAAAAAAAAAAAAAA;multi_received;
1;valid;AAAAAAAAAAAAAAAAAAAAAAAAAA;last;2022-06-08 02:33:42.499271;
1;valid;AAAAAAAAAAAAAAAAAAAAAAAAAA;multi_received;
1;valid;AAAAAAAAAAAAAAAAAAAAAAAAAA;full;2022-06-08 02:33:49.399261;
1;valid;AAAAAAAAAAAAAAAAAAAAAAAAAA;multi_received;
1;valid;DDDDDDDDDDDDDDDDDDDDDDDDDD;full;2022-06-08 02:34:00.404012;
1;valid;AAAAAAAAAAAAAAAAAAAAAAAAAA;full;2022-06-08 02:34:07.569436;
1;valid;AAAAAAAAAAAAAAAAAAAAAAAAAA;first;2022-06-08 02:34:10.098536;
1;valid;AAAAAAAAAAAAAAAAAAAAAAAAAA;multi_received;
1;valid;AAAAAAAAAAAAAAAAAAAAAAAAAA;full;2022-06-08 02:34:21.574348;
1;valid;AAAAAAAAAAAAAAAAAAAAAAAAAA;multi_received;
1;valid;DDDDDDDDDDDDDDDDDDDDDDDDDD;full;2022-06-08 02:34:27.924428;
1;invalid;2022-06-08 02:34:33.044503
1;valid;AAAAAAAAAAAAAAAAAAAAAAAAAA;full;2022-06-08 02:34:34.931744;
1;valid;DDDDDDDDDDDDDDDDDDDDDDDDDD;full;2022-06-08 02:34:39.172857;
1;invalid;2022-06-08 02:34:44.294944
1;valid;AAAAAAAAAAAAAAAAAAAAAAAAAA;full;2022-06-08 02:34:46.305283;
1;valid;AAAAAAAAAAAAAAAAAAAAAAAAAA;first;2022-06-08 02:34:48.735250;
1;valid;AAAAAAAAAAAAAAAAAAAAAAAAAA;multi_received;
1;valid;DDDDDDDDDDDDDDDDDDDDDDDDDD;full;2022-06-08 02:34:55.078587;
1;valid;2022-06-08 01:24:23.995368;full;2022-06-08 02:34:59.365637;
1;valid;AAAAAAAAAAAAAAAAAAAAAAAAAA;full;2022-06-08 02:35:04.052885;
1;valid;AAAAAAAAAAAAAAAAAAAAAAAAAA;multi_received;
1;valid;AAAAAAAAAAAAAAAAAAAAAAAAAA;first;2022-06-08 02:35:24.491191;
1;valid;AAAAAAAAAAAAAAAAAAAAAAAAAA;multi_received;
1;valid;AAAAAAAAAAAAAAAAAAAAAAAAAA;last;2022-06-08 02:35:29.224044;
1;valid;AAAAAAAAAAAAAAAAAAAAAAAAAA;multi_received;
1;valid;AAAAAAAAAAAAAAAAAAAAAAAAAA;first;2022-06-08 02:35:40.839611;
1;valid;AAAAAAAAAAAAAAAAAAAAAAAAAA;multi_received;
1;valid;AAAAAAAAAAAAAAAAAAAAAAAAAA;last;2022-06-08 02:35:50.354960;
1;valid;AAAAAAAAAAAAAAAAAAAAAAAAAA;multi_received;
1;valid;2022-06-08 01:24:31.061714;full;2022-06-08 02:36:01.128885;
1;valid;DDDDDDDDDDDDDDDDDDDDDDDDDD;multi_received;
1;valid;AAAAAAAAAAAAAAAAAAAAAAAAAA;first;2022-06-08 02:36:10.009435;
1;valid;AAAAAAAAAAAAAAAAAAAAAAAAAA;multi_received;
1;valid;AAAAAAAAAAAAAAAAAAAAAAAAAA;last;2022-06-08 02:36:14.667129;
1;valid;AAAAAAAAAAAAAAAAAAAAAAAAAA;multi_received;
1;valid;DDDDDDDDDDDDDDDDDDDDDDDDDD;full;2022-06-08 02:36:20.920267;
1;valid;AAAAAAAAAAAAAAAAAAAAAAAAAA;full;2022-06-08 02:36:25.695895;
1;valid;AAAAAAAAAAAAAAAAAAAAAAAAAA;multi_received;
1;valid;2022-06-08 01:24:36.114659;full;2022-06-08 02:36:36.748822;
1;valid;AAAAAAAAAAAAAAAAAAAAAAAAAA;first;2022-06-08 02:36:41.474425;
1;valid;AAAAAAAAAAAAAAAAAAAAAAAAAA;multi_received;
1;valid;AAAAAAAAAAAAAAAAAAAAAAAAAA;last;2022-06-08 02:36:46.094374;
1;valid;AAAAAAAAAAAAAAAAAAAAAAAAAA;multi_received;
1;valid;AAAAAAAAAAAAAAAAAAAAAAAAAA;first;2022-06-08 02:37:01.731409;
1;valid;AAAAAAAAAAAAAAAAAAAAAAAAAA;last;2022-06-08 02:37:06.357748;
1;valid;AAAAAAAAAAAAAAAAAAAAAAAAAA;multi_received;
1;valid;AAAAAAAAAAAAAAAAAAAAAAAAAA;first;2022-06-08 02:37:17.898183;
1;valid;AAAAAAAAAAAAAAAAAAAAAAAAAA;full;2022-06-08 02:37:20.159204;
1;valid;AAAAAAAAAAAAAAAAAAAAAAAAAA;full;2022-06-08 02:37:36.120570;
1;valid;AAAAAAAAAAAAAAAAAAAAAAAAAA;first;2022-06-08 02:37:38.501676;
1;valid;AAAAAAAAAAAAAAAAAAAAAAAAAA;multi_received;
1;valid;AAAAAAAAAAAAAAAAAAAAAAAAAA;first;2022-06-08 02:37:49.753803;
1;valid;AAAAAAAAAAAAAAAAAAAAAAAAAA;multi_received;
1;valid;AAAAAAAAAAAAAAAAAAAAAAAAAA;last;2022-06-08 02:37:54.507076;
1;valid;AAAAAAAAAAAAAAAAAAAAAAAAAA;multi_received;
1;valid;AAAAAAAAAAAAAAAAAAAAAAAAAA;first;2022-06-08 02:38:05.825615;
1;valid;AAAAAAAAAAAAAAAAAAAAAAAAAA;multi_received;
1;valid;2022-06-08 01:24:48.246794;full;2022-06-08 02:38:16.918794;
1;invalid;2022-06-08 02:38:22.022719
1;valid;AAAAAAAAAAAAAAAAAAAAAAAAAA;full;2022-06-08 02:38:23.978196;
1;valid;AAAAAAAAAAAAAAAAAAAAAAAAAA;first;2022-06-08 02:38:26.458483;
1;valid;AAAAAAAAAAAAAAAAAAAAAAAAAA;multi_received;
1;valid;AAAAAAAAAAAAAAAAAAAAAAAAAA;first;2022-06-08 02:38:38.059622;
1;valid;AAAAAAAAAAAAAAAAAAAAAAAAAA;multi_received;
1;valid;AAAAAAAAAAAAAAAAAAAAAAAAAA;last;2022-06-08 02:38:42.627914;
1;valid;AAAAAAAAAAAAAAAAAAAAAAAAAA;multi_received;
1;valid;DDDDDDDDDDDDDDDDDDDDDDDDDD;full;2022-06-08 02:38:49.012617;
1;valid;2022-06-08 01:24:52.289882;full;2022-06-08 02:38:53.271283;
1;invalid;2022-06-08 02:38:58.486945
1;valid;AAAAAAAAAAAAAAAAAAAAAAAAAA;full;2022-06-08 02:39:00.348115;
1;valid;AAAAAAAAAAAAAAAAAAAAAAAAAA;first;2022-06-08 02:39:02.874370;
1;valid;AAAAAAAAAAAAAAAAAAAAAAAAAA;multi_received;
1;valid;2022-06-08 01:24:58.350055;full;2022-06-08 02:39:09.209129;
1;valid;AAAAAAAAAAAAAAAAAAAAAAAAAA;first;2022-06-08 02:39:14.077088;
1;valid;AAAAAAAAAAAAAAAAAAAAAAAAAA;last;2022-06-08 02:39:18.747680;
1;valid;AAAAAAAAAAAAAAAAAAAAAAAAAA;multi_received;
1;valid;AAAAAAAAAAAAAAAAAAAAAAAAAA;first;2022-06-08 02:39:34.907391;
1;valid;AAAAAAAAAAAAAAAAAAAAAAAAAA;multi_received;
1;valid;AAAAAAAAAAAAAAAAAAAAAAAAAA;last;2022-06-08 02:39:43.975260;
1;valid;AAAAAAAAAAAAAAAAAAAAAAAAAA;full;2022-06-08 02:39:46.135399;
1;valid;DDDDDDDDDDDDDDDDDDDDDDDDDD;full;2022-06-08 02:39:50.410381;
1;valid;AAAAAAAAAAAAAAAAAAAAAAAAAA;first;2022-06-08 02:39:59.662756;
1;valid;AAAAAAAAAAAAAAAAAAAAAAAAAA;last;2022-06-08 02:40:04.267108;
1;valid;AAAAAAAAAAAAAAAAAAAAAAAAAA;multi_received;
1;invalid;2022-06-08 02:40:14.167231
1;valid;2022-06-08 01:25:04.422244;full;2022-06-08 02:40:30.991213;
1;valid;AAAAAAAAAAAAAAAAAAAAAAAAAA;full;2022-06-08 02:40:47.874724;
1;valid;AAAAAAAAAAAAAAAAAAAAAAAAAA;first;2022-06-08 02:40:50.272529;
1;valid;AAAAAAAAAAAAAAAAAAAAAAAAAA;multi_received;
1;valid;AAAAAAAAAAAAAAAAAAAAAAAAAA;first;2022-06-08 02:41:01.676949;
1;valid;AAAAAAAAAAAAAAAAAAAAAAAAAA;multi_received;
1;valid;DDDDDDDDDDDDDDDDDDDDDDDDDD;full;2022-06-08 02:41:12.526939;
1;valid;AAAAAAAAAAAAAAAAAAAAAAAAAA;first;2022-06-08 02:41:21.752966;
1;valid;AAAAAAAAAAAAAAAAAAAAAAAAAA;multi_received;
1;valid;DDDDDDDDDDDDDDDDDDDDDDDDDD;full;2022-06-08 02:41:32.621961;
1;valid;AAAAAAAAAAAAAAAAAAAAAAAAAA;first;2022-06-08 02:41:37.352787;
1;valid;AAAAAAAAAAAAAAAAAAAAAAAAAA;multi_received;
1;valid;AAAAAAAAAAAAAAAAAAAAAAAAAA;last;2022-06-08 02:41:41.952572;
1;valid;AAAAAAAAAAAAAAAAAAAAAAAAAA;full;2022-06-08 02:41:44.025232;
1;valid;AAAAAAAAAAAAAAAAAAAAAAAAAA;first;2022-06-08 02:41:53.495550;
1;valid;AAAAAAAAAAAAAAAAAAAAAAAAAA;multi_received;
1;valid;AAAAAAAAAAAAAAAAAAAAAAAAAA;last;2022-06-08 02:41:58.068570;
1;valid;AAAAAAAAAAAAAAAAAAAAAAAAAA;multi_received;
1;valid;DDDDDDDDDDDDDDDDDDDDDDDDDD;full;2022-06-08 02:42:04.491588;
1;invalid;2022-06-08 02:42:09.652161
1;valid;AAAAAAAAAAAAAAAAAAAAAAAAAA;full;2022-06-08 02:42:11.623493;
1;valid;AAAAAAAAAAAAAAAAAAAAAAAAAA;first;2022-06-08 02:42:14.002787;
1;valid;AAAAAAAAAAAAAAAAAAAAAAAAAA;multi_received;
1;valid;AAAAAAAAAAAAAAAAAAAAAAAAAA;first;2022-06-08 02:42:25.566126;
1;valid;AAAAAAAAAAAAAAAAAAAAAAAAAA;multi_received;
1;valid;AAAAAAAAAAAAAAAAAAAAAAAAAA;last;2022-06-08 02:42:34.968781;
1;valid;AAAAAAAAAAAAAAAAAAAAAAAAAA;full;2022-06-08 02:42:37.059550;
1;valid;AAAAAAAAAAAAAAAAAAAAAAAAAA;first;2022-06-08 02:43:00.596476;
1;valid;AAAAAAAAAAAAAAAAAAAAAAAAAA;last;2022-06-08 02:43:05.321820;
1;valid;AAAAAAAAAAAAAAAAAAAAAAAAAA;first;2022-06-08 02:43:23.388342;
1;valid;AAAAAAAAAAAAAAAAAAAAAAAAAA;last;2022-06-08 02:43:27.998680;
1;valid;AAAAAAAAAAAAAAAAAAAAAAAAAA;multi_received;
1;valid;AAAAAAAAAAAAAAAAAAAAAAAAAA;full;2022-06-08 02:44:01.128109;
1;valid;DDDDDDDDDDDDDDDDDDDDDDDDDD;full;2022-06-08 02:44:05.446916;
1;valid;AAAAAAAAAAAAAAAAAAAAAAAAAA;full;2022-06-08 02:44:10.268443;
1;valid;AAAAAAAAAAAAAAAAAAAAAAAAAA;multi_received;
1;invalid;2022-06-08 02:44:27.189939
1;valid;AAAAAAAAAAAAAAAAAAAAAAAAAA;full;2022-06-08 02:44:29.209884;
1;valid;AAAAAAAAAAAAAAAAAAAAAAAAAA;first;2022-06-08 02:44:31.688706;
1;valid;AAAAAAAAAAAAAAAAAAAAAAAAAA;multi_received;
1;valid;AAAAAAAAAAAAAAAAAAAAAAAAAA;full;2022-06-08 02:44:55.417026;
1;valid;AAAAAAAAAAAAAAAAAAAAAAAAAA;first;2022-06-08 02:44:57.810963;
1;valid;AAAAAAAAAAAAAAAAAAAAAAAAAA;multi_received;
1;valid;DDDDDDDDDDDDDDDDDDDDDDDDDD;full;2022-06-08 02:45:04.071619;
1;valid;DDDDDDDDDDDDDDDDDDDDDDDDDD;multi_received;
1;invalid;2022-06-08 02:45:13.408087
1;valid;AAAAAAAAAAAAAAAAAAAAAAAAAA;full;2022-06-08 02:45:15.321856;
1;valid;AAAAAAAAAAAAAAAAAAAAAAAAAA;first;2022-06-08 02:45:17.817630;
1;valid;AAAAAAAAAAAAAAAAAAAAAAAAAA;full;2022-06-08 02:45:19.948576;
1;invalid;2022-06-08 02:45:34.404324
1;valid;AAAAAAAAAAAAAAAAAAAAAAAAAA;full;2022-06-08 02:45:36.311386;
1;valid;AAAAAAAAAAAAAAAAAAAAAAAAAA;first;2022-06-08 02:45:38.869815;
1;valid;AAAAAAAAAAAAAAAAAAAAAAAAAA;multi_received;
1;valid;AAAAAAAAAAAAAAAAAAAAAAAAAA;full;2022-06-08 02:45:55.409108;
1;valid;AAAAAAAAAAAAAAAAAAAAAAAAAA;full;2022-06-08 02:45:57.525645;
1;valid;AAAAAAAAAAAAAAAAAAAAAAAAAA;first;2022-06-08 02:46:11.939961;
1;valid;AAAAAAAAAAAAAAAAAAAAAAAAAA;multi_received;
1;valid;AAAAAAAAAAAAAAAAAAAAAAAAAA;last;2022-06-08 02:46:16.749515;
1;valid;AAAAAAAAAAAAAAAAAAAAAAAAAA;multi_received;
1;invalid;2022-06-08 02:46:38.317264
1;valid;AAAAAAAAAAAAAAAAAAAAAAAAAA;full;2022-06-08 02:46:45.090543;
1;invalid;2022-06-08 02:46:59.852251
1;valid;AAAAAAAAAAAAAAAAAAAAAAAAAA;full;2022-06-08 02:47:01.789673;
1;valid;AAAAAAAAAAAAAAAAAAAAAAAAAA;first;2022-06-08 02:47:16.277786;
1;valid;AAAAAAAAAAAAAAAAAAAAAAAAAA;multi_received;
1;invalid;2022-06-08 02:47:25.727436
1;valid;AAAAAAAAAAAAAAAAAAAAAAAAAA;multi_received;
1;valid;AAAAAAAAAAAAAAAAAAAAAAAAAA;first;2022-06-08 02:47:32.994062;
1;valid;AAAAAAAAAAAAAAAAAAAAAAAAAA;full;2022-06-08 02:47:35.205317;
1;valid;AAAAAAAAAAAAAAAAAAAAAAAAAA;last;2022-06-08 02:47:37.848554;
1;invalid;2022-06-08 02:47:47.788513
1;valid;AAAAAAAAAAAAAAAAAAAAAAAAAA;multi_received;
1;valid;AAAAAAAAAAAAAAAAAAAAAAAAAA;first;2022-06-08 02:47:54.853267;
1;valid;AAAAAAAAAAAAAAAAAAAAAAAAAA;multi_received;
1;valid;AAAAAAAAAAAAAAAAAAAAAAAAAA;last;2022-06-08 02:48:04.659320;
1;valid;AAAAAAAAAAAAAAAAAAAAAAAAAA;first;2022-06-08 02:48:48.795075;
1;valid;AAAAAAAAAAAAAAAAAAAAAAAAAA;multi_received;
1;valid;AAAAAAAAAAAAAAAAAAAAAAAAAA;last;2022-06-08 02:49:23.826695;
1;invalid;2022-06-08 02:49:36.447335
1;valid;AAAAAAAAAAAAAAAAAAAAAAAAAA;full;2022-06-08 02:49:38.372784;
1;valid;AAAAAAAAAAAAAAAAAAAAAAAAAA;first;2022-06-08 02:49:41.064635;
1;valid;AAAAAAAAAAAAAAAAAAAAAAAAAA;multi_received;
1;valid;AAAAAAAAAAAAAAAAAAAAAAAAAA;full;2022-06-08 02:49:53.222085;
1;invalid;2022-06-08 02:50:00.403161
1;valid;AAAAAAAAAAAAAAAAAAAAAAAAAA;full;2022-06-08 02:50:02.346177;
1;valid;AAAAAAAAAAAAAAAAAAAAAAAAAA;first;2022-06-08 02:50:04.904992;
1;valid;AAAAAAAAAAAAAAAAAAAAAAAAAA;multi_received;
1;valid;AAAAAAAAAAAAAAAAAAAAAAAAAA;full;2022-06-08 02:50:14.410076;
1;valid;AAAAAAAAAAAAAAAAAAAAAAAAAA;first;2022-06-08 02:50:16.944760;
1;valid;AAAAAAAAAAAAAAAAAAAAAAAAAA;multi_received;
1;invalid;2022-06-08 02:50:34.138747
1;valid;AAAAAAAAAAAAAAAAAAAAAAAAAA;full;2022-06-08 02:50:36.038547;
1;invalid;2022-06-08 02:50:39.361489
1;invalid;2022-06-08 02:50:51.566133
1;valid;AAAAAAAAAAAAAAAAAAAAAAAAAA;full;2022-06-08 02:50:53.537494;
1;valid;AAAAAAAAAAAAAAAAAAAAAAAAAA;first;2022-06-08 02:50:55.996448;
1;valid;AAAAAAAAAAAAAAAAAAAAAAAAAA;full;2022-06-08 02:50:58.162920;
1;valid;AAAAAAAAAAAAAAAAAAAAAAAAAA;first;2022-06-08 02:51:22.465839;
1;valid;AAAAAAAAAAAAAAAAAAAAAAAAAA;multi_received;
1;valid;AAAAAAAAAAAAAAAAAAAAAAAAAA;last;2022-06-08 02:51:27.199517;
1;valid;AAAAAAAAAAAAAAAAAAAAAAAAAA;full;2022-06-08 02:51:29.288074;
1;valid;AAAAAAAAAAAAAAAAAAAAAAAAAA;full;2022-06-08 02:51:41.360456;
1;valid;AAAAAAAAAAAAAAAAAAAAAAAAAA;full;2022-06-08 02:51:50.645357;
1;valid;AAAAAAAAAAAAAAAAAAAAAAAAAA;multi_received;
1;valid;AAAAAAAAAAAAAAAAAAAAAAAAAA;full;2022-06-08 02:52:02.281837;
1;valid;AAAAAAAAAAAAAAAAAAAAAAAAAA;multi_received;
1;valid;AAAAAAAAAAAAAAAAAAAAAAAAAA;first;2022-06-08 02:52:14.123316;
1;valid;AAAAAAAAAAAAAAAAAAAAAAAAAA;last;2022-06-08 02:52:18.708218;
1;valid;AAAAAAAAAAAAAAAAAAAAAAAAAA;multi_received;
1;valid;AAAAAAAAAAAAAAAAAAAAAAAAAA;full;2022-06-08 02:52:30.697154;
1;valid;AAAAAAAAAAAAAAAAAAAAAAAAAA;first;2022-06-08 02:52:42.403508;
1;valid;AAAAAAAAAAAAAAAAAAAAAAAAAA;last;2022-06-08 02:52:46.967241;
1;valid;AAAAAAAAAAAAAAAAAAAAAAAAAA;multi_received;
1;valid;AAAAAAAAAAAAAAAAAAAAAAAAAA;first;2022-06-08 02:52:53.985514;
1;valid;AAAAAAAAAAAAAAAAAAAAAAAAAA;last;2022-06-08 02:52:58.557363;
1;valid;AAAAAAAAAAAAAAAAAAAAAAAAAA;multi_received;
1;valid;AAAAAAAAAAAAAAAAAAAAAAAAAA;full;2022-06-08 02:53:05.613718;
1;valid;AAAAAAAAAAAAAAAAAAAAAAAAAA;full;2022-06-08 02:53:12.596206;
1;invalid;2022-06-08 03:12:34.168321
1;invalid;2022-06-08 04:08:42.554282
1;valid;2022-06-08 05:25:25.138366;first;2022-06-08 05:25:27.489801;
