1;valid;2022-06-08 16:42:38.936783;first;2022-06-08 16:42:41.624604;
1;valid;2022-06-08 16:42:38.922182;first;2022-06-08 16:42:43.397097;
1;valid;DDDDDDDDDDDDDDDDDDDDDDDDDD;last;2022-06-08 16:42:45.911261;
1;valid;2022-06-08 16:42:38.922182;last;2022-06-08 16:42:48.591906;
1;valid;DDDDDDDDDDDDDDDDDDDDDDDDDD;multi_received;
1;valid;2022-06-08 16:42:38.922182;multi_received;
1;valid;2022-06-08 16:42:48.950576;first;2022-06-08 16:42:55.714263;
1;valid;2022-06-08 16:42:38.922182;multi_received;
1;valid;DDDDDDDDDDDDDDDDDDDDDDDDDD;last;2022-06-08 16:43:07.071750;
1;invalid;2022-06-08 16:43:09.271007
1;valid;2022-06-08 16:42:58.979080;first;2022-06-08 16:43:11.682849;
1;valid;DDDDDDDDDDDDDDDDDDDDDDDDDD;last;2022-06-08 16:43:16.025115;
1;valid;AAAAAAAAAAAAAAAAAAAAAAAAAA;other;2022-06-08 16:43:18.847092;
1;valid;2022-06-08 16:43:09.010419;first;2022-06-08 16:43:29.331054;
1;valid;DDDDDDDDDDDDDDDDDDDDDDDDDD;last;2022-06-08 16:43:35.603461;
1;invalid;2022-06-08 16:43:37.601050
1;valid;2022-06-08 16:42:48.944773;first;2022-06-08 16:43:43.098553;
1;valid;2022-06-08 16:43:19.037763;first;2022-06-08 16:43:49.700247;
1;valid;DDDDDDDDDDDDDDDDDDDDDDDDDD;last;2022-06-08 16:43:54.143070;
1;valid;2022-06-08 16:43:29.063939;first;2022-06-08 16:44:04.418408;
1;valid;2022-06-08 16:43:39.092154;first;2022-06-08 16:44:09.941220;
1;valid;DDDDDDDDDDDDDDDDDDDDDDDDDD;last;2022-06-08 16:44:14.304694;
1;valid;2022-06-08 16:42:58.969989;first;2022-06-08 16:44:19.700025;
1;valid;DDDDDDDDDDDDDDDDDDDDDDDDDD;first;2022-06-08 16:44:21.113726;
1;valid;2022-06-08 16:43:49.120616;first;2022-06-08 16:44:24.727258;
1;valid;DDDDDDDDDDDDDDDDDDDDDDDDDD;last;2022-06-08 16:44:31.198112;
1;valid;2022-06-08 16:43:59.157248;first;2022-06-08 16:44:36.704982;
1;valid;DDDDDDDDDDDDDDDDDDDDDDDDDD;last;2022-06-08 16:44:41.017381;
1;valid;2022-06-08 16:43:09.006251;first;2022-06-08 16:44:44.618482;
1;valid;DDDDDDDDDDDDDDDDDDDDDDDDDD;multi_received;
1;valid;2022-06-08 16:44:09.174585;first;2022-06-08 16:44:51.873967;
1;valid;DDDDDDDDDDDDDDDDDDDDDDDDDD;last;2022-06-08 16:44:56.401153;
1;valid;2022-06-08 16:44:19.213609;first;2022-06-08 16:45:01.862011;
1;valid;DDDDDDDDDDDDDDDDDDDDDDDDDD;last;2022-06-08 16:45:08.373866;
1;invalid;2022-06-08 16:45:14.654619
1;valid;2022-06-08 16:44:29.240934;first;2022-06-08 16:45:18.302825;
1;valid;2022-06-08 16:43:19.033208;first;2022-06-08 16:45:20.083807;
1;valid;DDDDDDDDDDDDDDDDDDDDDDDDDD;last;2022-06-08 16:45:22.800508;
1;valid;2022-06-08 16:44:39.267282;first;2022-06-08 16:45:30.581541;
1;valid;DDDDDDDDDDDDDDDDDDDDDDDDDD;last;2022-06-08 16:45:35.079844;
1;invalid;2022-06-08 16:45:37.374806
1;valid;2022-06-08 16:44:49.293815;first;2022-06-08 16:45:39.840734;
1;valid;2022-06-08 16:43:19.033208;last;2022-06-08 16:45:42.365186;
1;valid;DDDDDDDDDDDDDDDDDDDDDDDDDD;last;2022-06-08 16:45:44.131946;
1;valid;2022-06-08 16:44:59.308618;first;2022-06-08 16:45:49.559610;
1;invalid;2022-06-08 16:45:50.496059
1;valid;DDDDDDDDDDDDDDDDDDDDDDDDDD;last;2022-06-08 16:45:54.120484;
1;invalid;2022-06-08 16:45:56.329656
1;valid;2022-06-08 16:45:09.348980;first;2022-06-08 16:45:58.828939;
1;valid;DDDDDDDDDDDDDDDDDDDDDDDDDD;last;2022-06-08 16:46:03.339464;
1;valid;2022-06-08 16:43:29.058537;first;2022-06-08 16:46:05.914037;
1;valid;2022-06-08 16:45:19.366335;first;2022-06-08 16:46:15.803111;
1;valid;2022-06-08 16:43:29.058537;multi_received;
1;valid;DDDDDDDDDDDDDDDDDDDDDDDDDD;last;2022-06-08 16:46:19.972740;
1;valid;DDDDDDDDDDDDDDDDDDDDDDDDDD;full;2022-06-08 16:46:24.831117;
1;valid;2022-06-08 16:45:29.391875;first;2022-06-08 16:46:32.328762;
1;valid;DDDDDDDDDDDDDDDDDDDDDDDDDD;last;2022-06-08 16:46:36.857274;
1;invalid;2022-06-08 16:46:41.080801
1;valid;2022-06-08 16:45:39.410096;first;2022-06-08 16:46:43.658126;
1;valid;DDDDDDDDDDDDDDDDDDDDDDDDDD;last;2022-06-08 16:46:47.958152;
1;valid;2022-06-08 16:43:39.082855;first;2022-06-08 16:46:50.476169;
1;valid;DDDDDDDDDDDDDDDDDDDDDDDDDD;multi_received;
1;valid;2022-06-08 16:45:49.433571;first;2022-06-08 16:47:00.434933;
1;valid;DDDDDDDDDDDDDDDDDDDDDDDDDD;last;2022-06-08 16:47:04.859438;
1;valid;AAAAAAAAAAAAAAAAAAAAAAAAAA;last;2022-06-08 16:47:11.058625;
1;valid;2022-06-08 16:45:59.459659;first;2022-06-08 16:47:21.606782;
1;valid;DDDDDDDDDDDDDDDDDDDDDDDDDD;last;2022-06-08 16:47:28.583549;
1;valid;2022-06-08 16:43:49.104810;first;2022-06-08 16:47:34.582250;
1;valid;2022-06-08 16:46:09.485932;first;2022-06-08 16:47:39.140744;
1;valid;2022-06-08 16:43:49.104810;multi_received;
1;valid;DDDDDDDDDDDDDDDDDDDDDDDDDD;last;2022-06-08 16:47:47.770045;
1;invalid;2022-06-08 16:47:50.042575
1;valid;2022-06-08 16:46:19.509031;first;2022-06-08 16:47:52.607100;
1;valid;AAAAAAAAAAAAAAAAAAAAAAAAAA;last;2022-06-08 16:47:54.970848;
1;valid;DDDDDDDDDDDDDDDDDDDDDDDDDD;last;2022-06-08 16:47:56.896853;
1;valid;AAAAAAAAAAAAAAAAAAAAAAAAAA;multi_received;
1;valid;DDDDDDDDDDDDDDDDDDDDDDDDDD;multi_received;
1;valid;AAAAAAAAAAAAAAAAAAAAAAAAAA;multi_received;
1;invalid;2022-06-08 16:48:06.365306
1;valid;2022-06-08 16:46:29.522749;first;2022-06-08 16:48:09.971421;
1;valid;DDDDDDDDDDDDDDDDDDDDDDDDDD;last;2022-06-08 16:48:19.475039;
1;valid;2022-06-08 16:46:39.545427;first;2022-06-08 16:48:25.080955;
1;valid;DDDDDDDDDDDDDDDDDDDDDDDDDD;last;2022-06-08 16:48:31.691622;
1;valid;2022-06-08 16:43:59.133682;first;2022-06-08 16:48:35.820472;
1;valid;2022-06-08 16:43:39.082855;multi_received;
1;valid;2022-06-08 16:46:49.564676;first;2022-06-08 16:48:40.512373;
1;valid;DDDDDDDDDDDDDDDDDDDDDDDDDD;last;2022-06-08 16:48:49.728574;
1;valid;AAAAAAAAAAAAAAAAAAAAAAAAAA;last;2022-06-08 16:48:51.391878;
1;valid;2022-06-08 16:46:59.589927;first;2022-06-08 16:48:54.189648;
1;valid;DDDDDDDDDDDDDDDDDDDDDDDDDD;last;2022-06-08 16:48:58.787500;
1;valid;2022-06-08 16:47:09.611100;first;2022-06-08 16:49:01.451396;
1;invalid;2022-06-08 16:49:03.616816
1;valid;DDDDDDDDDDDDDDDDDDDDDDDDDD;last;2022-06-08 16:49:07.972215;
1;valid;AAAAAAAAAAAAAAAAAAAAAAAAAA;multi_received;
1;valid;AAAAAAAAAAAAAAAAAAAAAAAAAA;multi_received;
1;valid;2022-06-08 16:47:19.637401;first;2022-06-08 16:49:13.221927;
1;valid;AAAAAAAAAAAAAAAAAAAAAAAAAA;multi_received;
1;valid;DDDDDDDDDDDDDDDDDDDDDDDDDD;last;2022-06-08 16:49:17.359102;
1;valid;2022-06-08 16:47:29.663417;first;2022-06-08 16:49:32.932683;
1;invalid;2022-06-08 16:49:37.746893
1;valid;DDDDDDDDDDDDDDDDDDDDDDDDDD;last;2022-06-08 16:49:39.558160;
1;valid;2022-06-08 16:47:39.685142;first;2022-06-08 16:49:47.055408;
1;valid;2022-06-08 16:44:09.156789;first;2022-06-08 16:49:49.529411;
1;valid;DDDDDDDDDDDDDDDDDDDDDDDDDD;last;2022-06-08 16:49:51.074175;
1;valid;2022-06-08 16:47:49.702150;first;2022-06-08 16:49:56.567864;
1;valid;DDDDDDDDDDDDDDDDDDDDDDDDDD;last;2022-06-08 16:50:03.026852;
1;valid;2022-06-08 16:47:59.740428;first;2022-06-08 16:50:10.353084;
1;valid;DDDDDDDDDDDDDDDDDDDDDDDDDD;last;2022-06-08 16:50:16.782025;
1;valid;2022-06-08 16:48:09.766922;first;2022-06-08 16:50:22.176773;
1;valid;DDDDDDDDDDDDDDDDDDDDDDDDDD;last;2022-06-08 16:50:31.444643;
1;valid;2022-06-08 16:48:19.789469;first;2022-06-08 16:50:37.247977;
1;valid;DDDDDDDDDDDDDDDDDDDDDDDDDD;last;2022-06-08 16:50:43.980057;
1;valid;2022-06-08 16:48:29.815757;first;2022-06-08 16:50:49.454275;
1;valid;DDDDDDDDDDDDDDDDDDDDDDDDDD;last;2022-06-08 16:50:51.004572;
1;valid;2022-06-08 16:48:39.843542;first;2022-06-08 16:50:58.527893;
1;valid;2022-06-08 16:48:49.864715;first;2022-06-08 16:51:16.533769;
1;valid;2022-06-08 16:44:39.228956;first;2022-06-08 16:51:28.882626;
1;valid;2022-06-08 16:48:59.885971;first;2022-06-08 16:51:31.322500;
1;valid;DDDDDDDDDDDDDDDDDDDDDDDDDD;last;2022-06-08 16:51:35.618112;
1;valid;2022-06-08 16:44:39.228956;multi_received;
1;valid;DDDDDDDDDDDDDDDDDDDDDDDDDD;first;2022-06-08 16:51:42.195419;
1;valid;AAAAAAAAAAAAAAAAAAAAAAAAAA;last;2022-06-08 16:51:44.574969;
1;valid;2022-06-08 16:49:09.913641;first;2022-06-08 16:51:50.127112;
1;valid;AAAAAAAAAAAAAAAAAAAAAAAAAA;multi_received;
1;valid;DDDDDDDDDDDDDDDDDDDDDDDDDD;last;2022-06-08 16:51:57.089206;
1;valid;AAAAAAAAAAAAAAAAAAAAAAAAAA;multi_received;
1;valid;2022-06-08 16:49:19.935213;first;2022-06-08 16:52:07.364390;
1;valid;AAAAAAAAAAAAAAAAAAAAAAAAAA;multi_received;
1;valid;2022-06-08 16:49:29.957727;first;2022-06-08 16:52:14.687474;
1;valid;DDDDDDDDDDDDDDDDDDDDDDDDDD;last;2022-06-08 16:52:20.850295;
1;valid;2022-06-08 16:44:49.256137;first;2022-06-08 16:52:25.190776;
1;valid;2022-06-08 16:49:39.984302;first;2022-06-08 16:52:26.593058;
1;valid;DDDDDDDDDDDDDDDDDDDDDDDDDD;last;2022-06-08 16:52:33.547844;
1;valid;2022-06-08 16:49:50.001267;first;2022-06-08 16:52:40.973514;
1;valid;2022-06-08 16:44:49.256137;multi_received;
1;valid;DDDDDDDDDDDDDDDDDDDDDDDDDD;last;2022-06-08 16:52:49.995418;
1;valid;2022-06-08 16:50:00.011459;first;2022-06-08 16:53:00.150912;
1;valid;2022-06-08 16:50:10.048935;first;2022-06-08 16:53:06.342544;
1;valid;DDDDDDDDDDDDDDDDDDDDDDDDDD;last;2022-06-08 16:53:12.721609;
1;valid;2022-06-08 16:44:59.282442;first;2022-06-08 16:53:17.094326;
1;valid;2022-06-08 16:50:20.070089;first;2022-06-08 16:53:18.485774;
1;invalid;2022-06-08 16:53:24.276132
1;valid;2022-06-08 16:50:30.091444;first;2022-06-08 16:53:29.019692;
1;valid;DDDDDDDDDDDDDDDDDDDDDDDDDD;last;2022-06-08 16:53:35.900930;
1;valid;2022-06-08 16:50:40.118931;first;2022-06-08 16:53:41.314281;
1;valid;DDDDDDDDDDDDDDDDDDDDDDDDDD;last;2022-06-08 16:53:45.769236;
1;valid;2022-06-08 16:50:50.128525;first;2022-06-08 16:53:55.334735;
1;valid;DDDDDDDDDDDDDDDDDDDDDDDDDD;last;2022-06-08 16:54:08.768954;
1;invalid;2022-06-08 16:54:10.989745
1;valid;2022-06-08 16:51:00.157917;first;2022-06-08 16:54:13.486823;
1;valid;AAAAAAAAAAAAAAAAAAAAAAAAAA;multi_received;
1;valid;DDDDDDDDDDDDDDDDDDDDDDDDDD;last;2022-06-08 16:54:17.499417;
1;valid;DDDDDDDDDDDDDDDDDDDDDDDDDD;multi_received;
1;valid;AAAAAAAAAAAAAAAAAAAAAAAAAA;multi_received;
1;valid;2022-06-08 16:51:10.182566;first;2022-06-08 16:54:28.720954;
1;valid;DDDDDDDDDDDDDDDDDDDDDDDDDD;last;2022-06-08 16:54:33.317140;
1;valid;2022-06-08 16:44:29.240934;multi_received;
1;valid;DDDDDDDDDDDDDDDDDDDDDDDDDD;multi_received;
1;valid;2022-06-08 16:45:19.328691;first;2022-06-08 16:54:46.031242;
1;valid;2022-06-08 16:51:20.211630;first;2022-06-08 16:54:48.718131;
1;valid;DDDDDDDDDDDDDDDDDDDDDDDDDD;last;2022-06-08 16:54:55.297189;
1;valid;2022-06-08 16:45:19.328691;multi_received;
1;valid;AAAAAAAAAAAAAAAAAAAAAAAAAA;last;2022-06-08 16:55:01.736873;
1;valid;2022-06-08 16:51:30.237856;first;2022-06-08 16:55:04.209796;
1;invalid;2022-06-08 16:55:08.237123
1;valid;2022-06-08 16:45:29.352161;first;2022-06-08 16:55:13.863058;
1;valid;2022-06-08 16:51:40.265099;first;2022-06-08 16:55:19.274533;
1;valid;DDDDDDDDDDDDDDDDDDDDDDDDDD;last;2022-06-08 16:55:23.795812;
1;valid;2022-06-08 16:51:50.282746;first;2022-06-08 16:55:33.581871;
1;valid;2022-06-08 16:45:29.352161;multi_received;
1;valid;DDDDDDDDDDDDDDDDDDDDDDDDDD;last;2022-06-08 16:55:37.677968;
1;valid;2022-06-08 16:52:00.309099;first;2022-06-08 16:55:43.058624;
1;invalid;2022-06-08 16:55:44.219751
1;valid;DDDDDDDDDDDDDDDDDDDDDDDDDD;last;2022-06-08 16:55:49.528968;
1;valid;2022-06-08 16:45:39.378624;first;2022-06-08 16:55:55.555084;
1;valid;2022-06-08 16:52:10.335445;first;2022-06-08 16:55:58.413399;
1;valid;DDDDDDDDDDDDDDDDDDDDDDDDDD;last;2022-06-08 16:56:02.787268;
1;valid;AAAAAAAAAAAAAAAAAAAAAAAAAA;last;2022-06-08 16:56:06.152457;
1;valid;DDDDDDDDDDDDDDDDDDDDDDDDDD;multi_received;
1;valid;2022-06-08 16:52:20.371649;first;2022-06-08 16:56:14.516429;
1;valid;AAAAAAAAAAAAAAAAAAAAAAAAAA;first;2022-06-08 16:56:17.125662;
1;valid;DDDDDDDDDDDDDDDDDDDDDDDDDD;last;2022-06-08 16:56:18.668577;
1;valid;2022-06-08 16:52:30.389237;first;2022-06-08 16:56:30.750959;
1;valid;AAAAAAAAAAAAAAAAAAAAAAAAAA;multi_received;
1;valid;2022-06-08 16:52:40.413596;first;2022-06-08 16:56:41.513015;
1;valid;DDDDDDDDDDDDDDDDDDDDDDDDDD;last;2022-06-08 16:56:52.410793;
1;valid;2022-06-08 16:52:50.435134;first;2022-06-08 16:56:58.110585;
1;valid;DDDDDDDDDDDDDDDDDDDDDDDDDD;last;2022-06-08 16:57:02.461822;
1;valid;2022-06-08 16:53:00.466586;first;2022-06-08 16:57:07.468371;
1;invalid;2022-06-08 16:57:09.516481
1;valid;DDDDDDDDDDDDDDDDDDDDDDDDDD;last;2022-06-08 16:57:11.344608;
1;valid;2022-06-08 16:45:49.402585;first;2022-06-08 16:57:15.840385;
1;valid;DDDDDDDDDDDDDDDDDDDDDDDDDD;multi_received;
1;valid;2022-06-08 16:45:49.402585;multi_received;
1;valid;2022-06-08 16:53:10.492457;first;2022-06-08 16:57:23.641008;
1;valid;2022-06-08 16:45:49.402585;multi_received;
1;valid;2022-06-08 16:53:10.492457;multi_received;
1;valid;DDDDDDDDDDDDDDDDDDDDDDDDDD;last;2022-06-08 16:57:34.693772;
1;valid;2022-06-08 16:53:20.524633;first;2022-06-08 16:57:39.558288;
1;valid;AAAAAAAAAAAAAAAAAAAAAAAAAA;last;2022-06-08 16:57:41.994812;
1;valid;2022-06-08 16:53:20.524633;multi_received;
1;valid;DDDDDDDDDDDDDDDDDDDDDDDDDD;last;2022-06-08 16:57:55.034164;
1;valid;DDDDDDDDDDDDDDDDDDDDDDDDDD;multi_received;
1;valid;2022-06-08 16:53:30.554769;first;2022-06-08 16:58:03.259276;
1;invalid;2022-06-08 16:58:05.497169
1;valid;DDDDDDDDDDDDDDDDDDDDDDDDDD;last;2022-06-08 16:58:07.355759;
1;valid;2022-06-08 16:44:59.308618;multi_received;
1;valid;2022-06-08 16:53:40.582248;first;2022-06-08 16:58:12.942530;
1;valid;2022-06-08 16:45:59.427442;first;2022-06-08 16:58:17.269451;
1;valid;DDDDDDDDDDDDDDDDDDDDDDDDDD;last;2022-06-08 16:58:20.023044;
1;valid;2022-06-08 16:45:59.427442;multi_received;
1;valid;2022-06-08 16:53:50.618193;first;2022-06-08 16:58:25.242058;
1;valid;DDDDDDDDDDDDDDDDDDDDDDDDDD;last;2022-06-08 16:58:29.837327;
1;valid;2022-06-08 16:54:00.646225;first;2022-06-08 16:58:45.088820;
1;valid;DDDDDDDDDDDDDDDDDDDDDDDDDD;last;2022-06-08 16:58:46.572792;
1;valid;2022-06-08 16:54:10.671525;first;2022-06-08 16:58:54.052971;
1;valid;DDDDDDDDDDDDDDDDDDDDDDDDDD;last;2022-06-08 16:59:03.280070;
1;valid;2022-06-08 16:46:09.453768;first;2022-06-08 16:59:12.992159;
1;valid;2022-06-08 16:54:20.698918;first;2022-06-08 16:59:14.785932;
1;invalid;2022-06-08 16:59:20.773713
1;valid;2022-06-08 16:54:30.725977;first;2022-06-08 16:59:25.125328;
1;valid;2022-06-08 16:46:19.478362;first;2022-06-08 16:59:26.518972;
1;valid;2022-06-08 16:54:30.725977;multi_received;
1;invalid;2022-06-08 16:59:37.485026
1;valid;2022-06-08 16:54:40.753333;first;2022-06-08 16:59:39.973426;
1;valid;2022-06-08 16:46:19.478362;multi_received;
1;valid;2022-06-08 16:54:50.780734;first;2022-06-08 16:59:53.311610;
1;valid;AAAAAAAAAAAAAAAAAAAAAAAAAA;multi_received;
1;valid;DDDDDDDDDDDDDDDDDDDDDDDDDD;last;2022-06-08 17:00:00.269072;
1;valid;AAAAAAAAAAAAAAAAAAAAAAAAAA;multi_received;
1;valid;2022-06-08 16:55:00.809801;first;2022-06-08 17:00:12.670086;
1;valid;DDDDDDDDDDDDDDDDDDDDDDDDDD;multi_received;
1;valid;2022-06-08 16:55:10.847088;first;2022-06-08 17:00:30.989448;
1;invalid;2022-06-08 17:00:36.198126
1;valid;2022-06-08 16:55:20.876952;first;2022-06-08 17:00:38.601878;
1;valid;2022-06-08 16:46:29.498765;first;2022-06-08 17:00:41.084717;
1;valid;DDDDDDDDDDDDDDDDDDDDDDDDDD;last;2022-06-08 17:00:42.694031;
1;valid;2022-06-08 16:46:29.498765;last;2022-06-08 17:00:46.312705;
1;valid;2022-06-08 16:55:30.910092;first;2022-06-08 17:00:48.223747;
1;valid;DDDDDDDDDDDDDDDDDDDDDDDDDD;last;2022-06-08 17:00:52.595071;
1;invalid;2022-06-08 17:00:53.763181
1;valid;2022-06-08 16:55:40.933005;first;2022-06-08 17:00:55.513414;
1;valid;DDDDDDDDDDDDDDDDDDDDDDDDDD;last;2022-06-08 17:01:02.632014;
1;valid;2022-06-08 16:46:39.518905;first;2022-06-08 17:01:05.188542;
1;valid;2022-06-08 16:55:50.958628;first;2022-06-08 17:01:08.044015;
1;valid;2022-06-08 16:46:39.518905;multi_received;
1;valid;DDDDDDDDDDDDDDDDDDDDDDDDDD;last;2022-06-08 17:01:12.231574;
1;valid;2022-06-08 16:56:00.985902;first;2022-06-08 17:01:19.661868;
1;valid;2022-06-08 16:46:39.518905;multi_received;
1;valid;DDDDDDDDDDDDDDDDDDDDDDDDDD;last;2022-06-08 17:01:23.858779;
1;valid;2022-06-08 16:56:11.011387;first;2022-06-08 17:01:33.657443;
1;valid;2022-06-08 16:46:49.549927;first;2022-06-08 17:01:39.348975;
1;valid;AAAAAAAAAAAAAAAAAAAAAAAAAA;multi_received;
1;valid;2022-06-08 16:56:21.034362;first;2022-06-08 17:01:49.744862;
1;valid;DDDDDDDDDDDDDDDDDDDDDDDDDD;last;2022-06-08 17:01:58.685026;
1;valid;2022-06-08 16:46:49.549927;multi_received;
1;valid;2022-06-08 16:56:31.060698;first;2022-06-08 17:02:03.659574;
1;valid;DDDDDDDDDDDDDDDDDDDDDDDDDD;last;2022-06-08 17:02:12.626380;
1;valid;2022-06-08 16:46:59.568415;first;2022-06-08 17:02:14.152263;
1;valid;DDDDDDDDDDDDDDDDDDDDDDDDDD;multi_received;
1;valid;AAAAAAAAAAAAAAAAAAAAAAAAAA;last;2022-06-08 17:02:29.733436;
1;valid;2022-06-08 16:56:41.092118;first;2022-06-08 17:02:36.468555;
1;valid;DDDDDDDDDDDDDDDDDDDDDDDDDD;last;2022-06-08 17:02:40.969323;
1;valid;2022-06-08 16:56:51.117756;first;2022-06-08 17:02:53.356792;
1;valid;2022-06-08 16:47:09.587477;first;2022-06-08 17:02:55.822467;
1;valid;DDDDDDDDDDDDDDDDDDDDDDDDDD;last;2022-06-08 17:02:57.558275;
1;valid;2022-06-08 16:47:09.587477;multi_received;
1;valid;DDDDDDDDDDDDDDDDDDDDDDDDDD;first;2022-06-08 17:03:04.507438;
1;valid;2022-06-08 16:57:01.149152;first;2022-06-08 17:03:09.351374;
1;valid;DDDDDDDDDDDDDDDDDDDDDDDDDD;last;2022-06-08 17:03:13.939506;
1;valid;AAAAAAAAAAAAAAAAAAAAAAAAAA;last;2022-06-08 17:03:16.397602;
1;valid;2022-06-08 16:57:11.167851;first;2022-06-08 17:03:19.164456;
1;valid;AAAAAAAAAAAAAAAAAAAAAAAAAA;multi_received;
1;valid;DDDDDDDDDDDDDDDDDDDDDDDDDD;last;2022-06-08 17:03:27.671815;
1;valid;AAAAAAAAAAAAAAAAAAAAAAAAAA;multi_received;
1;valid;2022-06-08 16:57:21.191224;first;2022-06-08 17:03:33.021008;
1;invalid;2022-06-08 17:03:38.661244
1;valid;2022-06-08 16:57:31.222565;first;2022-06-08 17:03:43.339340;
1;valid;2022-06-08 16:47:19.611249;first;2022-06-08 17:03:50.268632;
1;valid;DDDDDDDDDDDDDDDDDDDDDDDDDD;last;2022-06-08 17:03:52.750010;
1;valid;2022-06-08 16:47:19.611249;multi_received;
1;valid;DDDDDDDDDDDDDDDDDDDDDDDDDD;multi_received;
1;valid;2022-06-08 16:47:19.611249;multi_received;
1;valid;2022-06-08 16:57:41.250066;first;2022-06-08 17:04:04.632979;
1;valid;2022-06-08 16:47:19.611249;multi_received;
1;valid;DDDDDDDDDDDDDDDDDDDDDDDDDD;last;2022-06-08 17:04:08.831681;
1;valid;2022-06-08 16:57:51.276751;first;2022-06-08 17:04:14.300484;
1;invalid;2022-06-08 17:04:15.454099
1;valid;DDDDDDDDDDDDDDDDDDDDDDDDDD;last;2022-06-08 17:04:22.632488;
1;valid;2022-06-08 16:47:29.630420;first;2022-06-08 17:04:24.167075;
1;valid;2022-06-08 16:58:01.303499;first;2022-06-08 17:04:25.948189;
1;valid;2022-06-08 16:47:29.630420;multi_received;
1;valid;DDDDDDDDDDDDDDDDDDDDDDDDDD;last;2022-06-08 17:04:32.357841;
1;valid;2022-06-08 16:47:29.630420;multi_received;
1;valid;DDDDDDDDDDDDDDDDDDDDDDDDDD;multi_received;
1;valid;2022-06-08 16:58:11.339245;first;2022-06-08 17:04:40.225394;
1;valid;DDDDDDDDDDDDDDDDDDDDDDDDDD;last;2022-06-08 17:04:42.140185;
1;valid;2022-06-08 16:47:29.630420;multi_received;
1;valid;DDDDDDDDDDDDDDDDDDDDDDDDDD;multi_received;
1;valid;2022-06-08 16:58:21.358314;first;2022-06-08 17:04:54.281683;
1;valid;2022-06-08 16:47:39.648048;first;2022-06-08 17:04:55.770296;
1;valid;DDDDDDDDDDDDDDDDDDDDDDDDDD;last;2022-06-08 17:04:58.296025;
1;valid;2022-06-08 16:58:31.369262;first;2022-06-08 17:05:08.278715;
1;valid;2022-06-08 16:47:39.648048;multi_received;
1;valid;2022-06-08 16:58:31.369262;last;2022-06-08 17:05:15.213147;
1;valid;2022-06-08 16:58:41.378751;first;2022-06-08 17:05:23.677369;
1;valid;2022-06-08 16:58:51.392733;first;2022-06-08 17:05:34.267197;
1;valid;DDDDDDDDDDDDDDDDDDDDDDDDDD;last;2022-06-08 17:05:38.699804;
1;valid;2022-06-08 16:59:01.415070;first;2022-06-08 17:05:46.029520;
1;valid;DDDDDDDDDDDDDDDDDDDDDDDDDD;last;2022-06-08 17:05:50.488792;
1;invalid;2022-06-08 17:05:52.508448
1;valid;2022-06-08 16:59:11.429574;first;2022-06-08 17:05:57.922571;
1;valid;2022-06-08 16:47:59.685835;first;2022-06-08 17:06:03.958877;
1;invalid;2022-06-08 17:06:04.761171
1;valid;AAAAAAAAAAAAAAAAAAAAAAAAAA;last;2022-06-08 17:06:09.272963;
1;valid;DDDDDDDDDDDDDDDDDDDDDDDDDD;multi_received;
1;valid;DDDDDDDDDDDDDDDDDDDDDDDDDD;multi_received;
1;valid;AAAAAAAAAAAAAAAAAAAAAAAAAA;multi_received;
1;valid;DDDDDDDDDDDDDDDDDDDDDDDDDD;multi_received;
1;valid;DDDDDDDDDDDDDDDDDDDDDDDDDD;multi_received;
1;invalid;2022-06-08 17:06:39.041244
1;valid;DDDDDDDDDDDDDDDDDDDDDDDDDD;multi_received;
1;invalid;2022-06-08 17:06:44.156556
1;valid;2022-06-08 16:46:59.568415;full;2022-06-08 17:06:46.374892;
1;valid;2022-06-08 16:48:09.713672;first;2022-06-08 17:06:53.110081;
1;valid;DDDDDDDDDDDDDDDDDDDDDDDDDD;multi_received;
1;valid;DDDDDDDDDDDDDDDDDDDDDDDDDD;multi_received;
1;valid;DDDDDDDDDDDDDDDDDDDDDDDDDD;multi_received;
1;valid;2022-06-08 16:48:09.713672;multi_received;
1;valid;DDDDDDDDDDDDDDDDDDDDDDDDDD;multi_received;
1;valid;AAAAAAAAAAAAAAAAAAAAAAAAAA;last;2022-06-08 17:07:19.692964;
1;valid;DDDDDDDDDDDDDDDDDDDDDDDDDD;multi_received;
1;valid;DDDDDDDDDDDDDDDDDDDDDDDDDD;multi_received;
1;valid;AAAAAAAAAAAAAAAAAAAAAAAAAA;first;2022-06-08 17:07:30.518308;
1;valid;AAAAAAAAAAAAAAAAAAAAAAAAAA;multi_received;
1;valid;DDDDDDDDDDDDDDDDDDDDDDDDDD;multi_received;
1;invalid;2022-06-08 17:08:02.639656
1;valid;AAAAAAAAAAAAAAAAAAAAAAAAAA;full;2022-06-08 17:08:04.485073;
1;valid;AAAAAAAAAAAAAAAAAAAAAAAAAA;first;2022-06-08 17:08:07.452956;
1;valid;2022-06-08 16:48:29.761898;full;2022-06-08 17:08:32.380650;
1;valid;AAAAAAAAAAAAAAAAAAAAAAAAAA;first;2022-06-08 17:08:35.120482;
1;invalid;2022-06-08 17:08:40.312746
1;valid;AAAAAAAAAAAAAAAAAAAAAAAAAA;full;2022-06-08 17:08:42.237497;
1;valid;2022-06-08 16:48:39.795971;first;2022-06-08 17:09:02.553145;
1;valid;AAAAAAAAAAAAAAAAAAAAAAAAAA;last;2022-06-08 17:09:07.281105;
1;valid;AAAAAAAAAAAAAAAAAAAAAAAAAA;full;2022-06-08 17:09:09.277424;
1;valid;2022-06-08 16:48:49.814342;first;2022-06-08 17:09:14.712258;
1;valid;2022-06-08 16:48:49.814342;multi_received;
1;valid;AAAAAAAAAAAAAAAAAAAAAAAAAA;last;2022-06-08 17:09:19.540342;
1;valid;DDDDDDDDDDDDDDDDDDDDDDDDDD;multi_received;
1;valid;2022-06-08 16:48:59.832068;full;2022-06-08 17:09:53.604042;
1;valid;AAAAAAAAAAAAAAAAAAAAAAAAAA;first;2022-06-08 17:09:56.461917;
1;valid;AAAAAAAAAAAAAAAAAAAAAAAAAA;multi_received;
1;valid;2022-06-08 16:47:09.611100;multi_received;
1;valid;2022-06-08 16:49:09.860233;full;2022-06-08 17:10:30.747428;
1;valid;AAAAAAAAAAAAAAAAAAAAAAAAAA;first;2022-06-08 17:10:33.573050;
1;valid;AAAAAAAAAAAAAAAAAAAAAAAAAA;full;2022-06-08 17:10:45.088043;
1;invalid;2022-06-08 17:10:52.646823
1;valid;2022-06-08 16:49:19.881974;first;2022-06-08 17:10:59.876752;
1;valid;2022-06-08 16:49:19.881974;multi_received;
1;valid;AAAAAAAAAAAAAAAAAAAAAAAAAA;last;2022-06-08 17:11:29.106322;
1;invalid;2022-06-08 17:11:34.221279
1;valid;AAAAAAAAAAAAAAAAAAAAAAAAAA;multi_received;
1;valid;DDDDDDDDDDDDDDDDDDDDDDDDDD;multi_received;
1;valid;2022-06-08 16:49:39.931733;first;2022-06-08 17:12:12.666510;
1;valid;2022-06-08 16:49:39.931733;multi_received;
1;invalid;2022-06-08 17:12:25.437440
1;valid;2022-06-08 16:49:49.948944;full;2022-06-08 17:12:27.316584;
1;valid;2022-06-08 16:49:49.948944;multi_received;
1;invalid;2022-06-08 17:12:45.134347
1;valid;AAAAAAAAAAAAAAAAAAAAAAAAAA;first;2022-06-08 17:12:49.806757;
1;valid;AAAAAAAAAAAAAAAAAAAAAAAAAA;multi_received;
1;valid;2022-06-08 16:49:59.969177;full;2022-06-08 17:13:14.016169;
1;valid;AAAAAAAAAAAAAAAAAAAAAAAAAA;first;2022-06-08 17:13:16.760793;
1;invalid;2022-06-08 17:13:21.819408
1;valid;AAAAAAAAAAAAAAAAAAAAAAAAAA;multi_received;
1;valid;AAAAAAAAAAAAAAAAAAAAAAAAAA;multi_received;
1;valid;AAAAAAAAAAAAAAAAAAAAAAAAAA;multi_received;
1;valid;2022-06-08 16:50:09.993231;first;2022-06-08 17:14:01.540243;
1;valid;2022-06-08 16:50:09.993231;multi_received;
1;valid;AAAAAAAAAAAAAAAAAAAAAAAAAA;last;2022-06-08 17:14:06.386324;
1;valid;AAAAAAAAAAAAAAAAAAAAAAAAAA;multi_received;
1;valid;2022-06-08 16:50:20.018400;first;2022-06-08 17:14:38.583734;
1;valid;2022-06-08 16:50:20.018400;multi_received;
1;valid;AAAAAAAAAAAAAAAAAAAAAAAAAA;last;2022-06-08 17:14:43.552987;
1;invalid;2022-06-08 17:14:48.821741
1;valid;AAAAAAAAAAAAAAAAAAAAAAAAAA;multi_received;
1;invalid;2022-06-08 17:15:11.345299
1;valid;2022-06-08 16:50:30.040054;full;2022-06-08 17:15:13.335526;
1;valid;2022-06-08 16:50:30.040054;multi_received;
1;valid;AAAAAAAAAAAAAAAAAAAAAAAAAA;first;2022-06-08 17:15:25.566180;
1;valid;AAAAAAAAAAAAAAAAAAAAAAAAAA;multi_received;
1;invalid;2022-06-08 17:15:30.858813
1;valid;2022-06-08 16:50:40.061280;full;2022-06-08 17:15:40.037624;
1;valid;AAAAAAAAAAAAAAAAAAAAAAAAAA;first;2022-06-08 17:15:42.711248;
1;invalid;2022-06-08 17:16:02.443553
1;valid;AAAAAAAAAAAAAAAAAAAAAAAAAA;full;2022-06-08 17:16:04.278463;
1;valid;AAAAAAAAAAAAAAAAAAAAAAAAAA;full;2022-06-08 17:16:09.749907;
1;valid;AAAAAAAAAAAAAAAAAAAAAAAAAA;multi_received;
1;valid;2022-06-08 16:48:29.815757;multi_received;
1;invalid;2022-06-08 17:16:46.198247
1;valid;2022-06-08 16:50:50.077714;full;2022-06-08 17:16:48.151488;
1;valid;2022-06-08 16:50:50.077714;first;2022-06-08 17:16:50.937802;
1;invalid;2022-06-08 17:17:06.007535
1;valid;AAAAAAAAAAAAAAAAAAAAAAAAAA;last;2022-06-08 17:17:10.500344;
1;valid;2022-06-08 16:51:10.120399;first;2022-06-08 17:17:45.054387;
1;valid;2022-06-08 16:51:20.146876;first;2022-06-08 17:18:12.183665;
1;valid;AAAAAAAAAAAAAAAAAAAAAAAAAA;last;2022-06-08 17:18:16.926958;
1;valid;AAAAAAAAAAAAAAAAAAAAAAAAAA;full;2022-06-08 17:18:28.765706;
1;valid;2022-06-08 16:51:30.171500;full;2022-06-08 17:18:43.319759;
1;invalid;2022-06-08 17:18:56.352787
1;valid;AAAAAAAAAAAAAAAAAAAAAAAAAA;multi_received;
1;valid;AAAAAAAAAAAAAAAAAAAAAAAAAA;first;2022-06-08 17:19:00.969445;
1;valid;2022-06-08 16:51:40.199476;first;2022-06-08 17:19:08.276848;
1;valid;2022-06-08 16:51:40.199476;multi_received;
1;invalid;2022-06-08 17:19:18.195843
1;valid;AAAAAAAAAAAAAAAAAAAAAAAAAA;last;2022-06-08 17:19:22.812466;
1;invalid;2022-06-08 17:19:28.034193
1;valid;AAAAAAAAAAAAAAAAAAAAAAAAAA;multi_received;
1;valid;2022-06-08 16:51:50.223070;first;2022-06-08 17:19:51.122361;
1;valid;AAAAAAAAAAAAAAAAAAAAAAAAAA;last;2022-06-08 17:19:55.945266;
1;invalid;2022-06-08 17:20:01.209976
1;valid;AAAAAAAAAAAAAAAAAAAAAAAAAA;full;2022-06-08 17:20:03.122432;
1;invalid;2022-06-08 17:20:10.814914
1;invalid;2022-06-08 17:20:23.331702
1;valid;2022-06-08 16:52:00.240128;full;2022-06-08 17:20:25.251761;
1;valid;2022-06-08 16:52:00.240128;multi_received;
1;invalid;2022-06-08 17:20:33.087632
1;valid;AAAAAAAAAAAAAAAAAAAAAAAAAA;multi_received;
1;valid;AAAAAAAAAAAAAAAAAAAAAAAAAA;first;2022-06-08 17:20:42.722181;
1;invalid;2022-06-08 17:20:47.796957
1;valid;2022-06-08 16:52:10.261014;first;2022-06-08 17:20:59.910305;
1;valid;2022-06-08 16:52:10.261014;multi_received;
1;invalid;2022-06-08 17:21:09.932119
1;valid;AAAAAAAAAAAAAAAAAAAAAAAAAA;multi_received;
1;valid;AAAAAAAAAAAAAAAAAAAAAAAAAA;last;2022-06-08 17:21:24.484414;
1;valid;2022-06-08 16:52:20.284345;first;2022-06-08 17:21:36.249066;
1;valid;AAAAAAAAAAAAAAAAAAAAAAAAAA;last;2022-06-08 17:21:41.078664;
1;valid;AAAAAAAAAAAAAAAAAAAAAAAAAA;multi_received;
1;invalid;2022-06-08 17:21:48.406505
1;valid;2022-06-08 16:52:30.308619;full;2022-06-08 17:21:50.301361;
1;valid;2022-06-08 16:52:30.308619;multi_received;
1;valid;AAAAAAAAAAAAAAAAAAAAAAAAAA;first;2022-06-08 17:21:57.975548;
1;valid;AAAAAAAAAAAAAAAAAAAAAAAAAA;multi_received;
1;valid;2022-06-08 16:52:40.332251;first;2022-06-08 17:22:34.398820;
1;valid;2022-06-08 16:52:40.332251;full;2022-06-08 17:22:36.531099;
1;valid;AAAAAAAAAAAAAAAAAAAAAAAAAA;last;2022-06-08 17:22:48.519599;
1;valid;AAAAAAAAAAAAAAAAAAAAAAAAAA;multi_received;
1;invalid;2022-06-08 17:22:55.742775
1;valid;AAAAAAAAAAAAAAAAAAAAAAAAAA;multi_received;
1;valid;2022-06-08 16:52:50.347605;first;2022-06-08 17:23:08.045411;
1;valid;AAAAAAAAAAAAAAAAAAAAAAAAAA;last;2022-06-08 17:23:22.252073;
1;valid;AAAAAAAAAAAAAAAAAAAAAAAAAA;multi_received;
1;valid;2022-06-08 16:53:00.365672;first;2022-06-08 17:23:34.301771;
1;valid;AAAAAAAAAAAAAAAAAAAAAAAAAA;last;2022-06-08 17:23:39.068600;
1;valid;2022-06-08 16:53:10.394644;full;2022-06-08 17:24:03.236362;
1;valid;2022-06-08 16:53:10.394644;multi_received;
1;valid;2022-06-08 16:53:20.416435;first;2022-06-08 17:24:18.271198;
1;valid;2022-06-08 16:53:20.416435;multi_received;
1;valid;AAAAAAAAAAAAAAAAAAAAAAAAAA;last;2022-06-08 17:24:23.167882;
1;valid;2022-06-08 16:50:20.070089;multi_received;
1;valid;2022-06-08 16:53:30.435776;first;2022-06-08 17:25:06.371352;
1;valid;2022-06-08 16:53:30.435776;multi_received;
1;valid;AAAAAAAAAAAAAAAAAAAAAAAAAA;last;2022-06-08 17:25:11.147791;
1;invalid;2022-06-08 17:25:16.387056
1;valid;AAAAAAAAAAAAAAAAAAAAAAAAAA;multi_received;
1;invalid;2022-06-08 17:25:26.548805
1;invalid;2022-06-08 17:25:33.743059
1;valid;2022-06-08 16:53:40.466122;full;2022-06-08 17:25:35.679920;
1;valid;AAAAAAAAAAAAAAAAAAAAAAAAAA;first;2022-06-08 17:25:38.310603;
1;valid;AAAAAAAAAAAAAAAAAAAAAAAAAA;multi_received;
1;valid;2022-06-08 16:53:50.493801;first;2022-06-08 17:25:50.382661;
1;valid;AAAAAAAAAAAAAAAAAAAAAAAAAA;last;2022-06-08 17:25:59.978098;
1;valid;AAAAAAAAAAAAAAAAAAAAAAAAAA;full;2022-06-08 17:26:02.151498;
1;valid;AAAAAAAAAAAAAAAAAAAAAAAAAA;full;2022-06-08 17:26:16.742860;
1;valid;AAAAAAAAAAAAAAAAAAAAAAAAAA;full;2022-06-08 17:26:23.524703;
1;valid;2022-06-08 16:54:00.511480;full;2022-06-08 17:26:30.760015;
1;valid;AAAAAAAAAAAAAAAAAAAAAAAAAA;first;2022-06-08 17:26:33.694702;
1;valid;2022-06-08 16:54:10.541127;first;2022-06-08 17:26:45.282705;
1;valid;AAAAAAAAAAAAAAAAAAAAAAAAAA;last;2022-06-08 17:26:50.047683;
1;valid;AAAAAAAAAAAAAAAAAAAAAAAAAA;multi_received;
1;invalid;2022-06-08 17:27:05.145356
1;valid;2022-06-08 16:54:30.583000;first;2022-06-08 17:27:54.327827;
1;valid;2022-06-08 16:54:40.613295;first;2022-06-08 17:28:11.813254;
1;valid;2022-06-08 16:54:40.613295;multi_received;
1;valid;AAAAAAAAAAAAAAAAAAAAAAAAAA;last;2022-06-08 17:28:21.482457;
1;valid;AAAAAAAAAAAAAAAAAAAAAAAAAA;multi_received;
1;valid;2022-06-08 16:54:50.643279;first;2022-06-08 17:28:48.464363;
1;invalid;2022-06-08 17:28:53.553751
1;valid;AAAAAAAAAAAAAAAAAAAAAAAAAA;multi_received;
1;valid;AAAAAAAAAAAAAAAAAAAAAAAAAA;last;2022-06-08 17:28:58.043518;
1;valid;2022-06-08 16:55:00.659810;full;2022-06-08 17:29:07.226059;
1;valid;AAAAAAAAAAAAAAAAAAAAAAAAAA;first;2022-06-08 17:29:09.880435;
1;invalid;2022-06-08 17:29:15.059763
1;valid;AAAAAAAAAAAAAAAAAAAAAAAAAA;multi_received;
1;valid;2022-06-08 16:51:30.237856;full;2022-06-08 17:29:26.509650;
1;valid;2022-06-08 16:55:10.685049;first;2022-06-08 17:29:36.198749;
1;valid;2022-06-08 16:55:10.685049;multi_received;
1;valid;AAAAAAAAAAAAAAAAAAAAAAAAAA;last;2022-06-08 17:29:50.551204;
1;valid;AAAAAAAAAAAAAAAAAAAAAAAAAA;multi_received;
1;valid;2022-06-08 16:55:20.714470;full;2022-06-08 17:30:34.389398;
1;valid;AAAAAAAAAAAAAAAAAAAAAAAAAA;first;2022-06-08 17:30:37.107316;
1;valid;2022-06-08 16:55:30.740057;first;2022-06-08 17:30:44.464988;
1;invalid;2022-06-08 17:30:49.604818
1;valid;AAAAAAAAAAAAAAAAAAAAAAAAAA;multi_received;
1;valid;AAAAAAAAAAAAAAAAAAAAAAAAAA;full;2022-06-08 17:30:58.584689;
1;invalid;2022-06-08 17:31:01.845482
1;valid;AAAAAAAAAAAAAAAAAAAAAAAAAA;multi_received;
1;valid;2022-06-08 16:55:40.763105;first;2022-06-08 17:31:33.938039;
1;valid;2022-06-08 16:55:40.763105;multi_received;
1;valid;AAAAAAAAAAAAAAAAAAAAAAAAAA;last;2022-06-08 17:31:38.820431;
1;valid;AAAAAAAAAAAAAAAAAAAAAAAAAA;multi_received;
1;invalid;2022-06-08 17:31:48.890134
1;invalid;2022-06-08 17:31:54.137326
1;valid;2022-06-08 16:55:50.787616;first;2022-06-08 17:32:05.514412;
1;invalid;2022-06-08 17:32:10.531890
1;valid;AAAAAAAAAAAAAAAAAAAAAAAAAA;full;2022-06-08 17:32:12.407129;
1;valid;AAAAAAAAAAAAAAAAAAAAAAAAAA;last;2022-06-08 17:32:15.144686;
1;valid;2022-06-08 16:56:00.810429;first;2022-06-08 17:32:42.085956;
1;valid;2022-06-08 16:56:00.810429;multi_received;
1;valid;AAAAAAAAAAAAAAAAAAAAAAAAAA;last;2022-06-08 17:32:46.927567;
1;valid;AAAAAAAAAAAAAAAAAAAAAAAAAA;multi_received;
1;valid;2022-06-08 16:56:10.834604;first;2022-06-08 17:33:14.002847;
1;valid;AAAAAAAAAAAAAAAAAAAAAAAAAA;full;2022-06-08 17:33:26.038209;
1;valid;AAAAAAAAAAAAAAAAAAAAAAAAAA;last;2022-06-08 17:33:28.588349;
1;valid;2022-06-08 16:56:20.853566;first;2022-06-08 17:33:40.880596;
1;valid;2022-06-08 16:56:20.853566;multi_received;
1;valid;AAAAAAAAAAAAAAAAAAAAAAAAAA;last;2022-06-08 17:33:45.690301;
1;valid;AAAAAAAAAAAAAAAAAAAAAAAAAA;full;2022-06-08 17:33:52.359353;
1;invalid;2022-06-08 17:34:32.676570
1;valid;2022-06-08 16:56:30.882161;full;2022-06-08 17:34:34.618187;
1;valid;AAAAAAAAAAAAAAAAAAAAAAAAAA;first;2022-06-08 17:34:37.252721;
1;valid;AAAAAAAAAAAAAAAAAAAAAAAAAA;multi_received;
1;valid;2022-06-08 16:56:50.923119;first;2022-06-08 17:35:16.201888;
1;valid;2022-06-08 16:56:50.923119;multi_received;
1;valid;AAAAAAAAAAAAAAAAAAAAAAAAAA;last;2022-06-08 17:35:20.985196;
1;valid;AAAAAAAAAAAAAAAAAAAAAAAAAA;multi_received;
1;invalid;2022-06-08 17:35:30.748207
1;valid;2022-06-08 16:57:00.940794;first;2022-06-08 17:35:52.940455;
1;valid;2022-06-08 16:57:00.940794;full;2022-06-08 17:35:55.037499;
1;valid;2022-06-08 16:53:00.466586;full;2022-06-08 17:36:24.449520;
1;valid;2022-06-08 16:57:10.972003;first;2022-06-08 17:36:39.119612;
1;invalid;2022-06-08 17:36:44.268193
1;valid;2022-06-08 16:57:10.972003;full;2022-06-08 17:36:46.205228;
1;valid;AAAAAAAAAAAAAAAAAAAAAAAAAA;last;2022-06-08 17:37:03.415951;
1;valid;AAAAAAAAAAAAAAAAAAAAAAAAAA;multi_received;
1;invalid;2022-06-08 17:37:21.416181
1;valid;2022-06-08 16:57:21.004243;full;2022-06-08 17:37:23.364914;
1;valid;AAAAAAAAAAAAAAAAAAAAAAAAAA;first;2022-06-08 17:37:26.112345;
1;valid;AAAAAAAAAAAAAAAAAAAAAAAAAA;multi_received;
1;invalid;2022-06-08 17:37:41.348475
1;valid;2022-06-08 16:57:31.029522;first;2022-06-08 17:37:58.941668;
1;valid;2022-06-08 16:57:31.029522;multi_received;
1;valid;AAAAAAAAAAAAAAAAAAAAAAAAAA;last;2022-06-08 17:38:13.348529;
1;valid;AAAAAAAAAAAAAAAAAAAAAAAAAA;multi_received;
1;valid;2022-06-08 16:57:41.058183;first;2022-06-08 17:38:35.232324;
1;valid;2022-06-08 16:57:41.058183;full;2022-06-08 17:38:37.408937;
1;valid;AAAAAAAAAAAAAAAAAAAAAAAAAA;last;2022-06-08 17:38:40.083809;
1;valid;2022-06-08 16:57:51.087938;first;2022-06-08 17:38:57.299328;
1;valid;2022-06-08 16:57:51.087938;multi_received;
1;valid;2022-06-08 16:58:01.120931;first;2022-06-08 17:39:15.206126;
1;valid;2022-06-08 16:58:01.120931;multi_received;
1;invalid;2022-06-08 17:39:29.953120
1;valid;AAAAAAAAAAAAAAAAAAAAAAAAAA;last;2022-06-08 17:39:34.530761;
1;valid;2022-06-08 16:53:30.554769;full;2022-06-08 17:39:45.772943;
1;invalid;2022-06-08 17:40:10.532837
1;valid;2022-06-08 16:58:11.143293;full;2022-06-08 17:40:12.441073;
1;valid;2022-06-08 16:58:21.167199;first;2022-06-08 17:40:17.843522;
1;valid;2022-06-08 16:58:21.167199;multi_received;
1;valid;AAAAAAAAAAAAAAAAAAAAAAAAAA;last;2022-06-08 17:40:22.618943;
1;valid;AAAAAAAAAAAAAAAAAAAAAAAAAA;multi_received;
1;valid;2022-06-08 16:58:31.190605;first;2022-06-08 17:40:55.467380;
1;valid;2022-06-08 16:58:31.190605;multi_received;
1;invalid;2022-06-08 17:41:00.868396
1;valid;AAAAAAAAAAAAAAAAAAAAAAAAAA;full;2022-06-08 17:41:23.462027;
1;valid;AAAAAAAAAAAAAAAAAAAAAAAAAA;full;2022-06-08 17:41:30.102612;
1;valid;2022-06-08 16:58:41.215900;first;2022-06-08 17:41:43.864419;
1;valid;AAAAAAAAAAAAAAAAAAAAAAAAAA;last;2022-06-08 17:41:48.417159;
1;valid;AAAAAAAAAAAAAAAAAAAAAAAAAA;multi_received;
1;valid;AAAAAAAAAAAAAAAAAAAAAAAAAA;first;2022-06-08 17:42:08.714566;
1;valid;AAAAAAAAAAAAAAAAAAAAAAAAAA;full;2022-06-08 17:42:10.805281;
1;invalid;2022-06-08 17:42:20.906344
1;valid;2022-06-08 16:59:01.268820;full;2022-06-08 17:42:22.855338;
1;valid;AAAAAAAAAAAAAAAAAAAAAAAAAA;first;2022-06-08 17:42:25.337236;
1;valid;AAAAAAAAAAAAAAAAAAAAAAAAAA;multi_received;
1;valid;2022-06-08 16:59:11.293474;first;2022-06-08 17:42:52.085351;
1;valid;2022-06-08 16:59:11.293474;multi_received;
1;invalid;2022-06-08 17:43:01.235544
1;valid;AAAAAAAAAAAAAAAAAAAAAAAAAA;multi_received;
1;valid;AAAAAAAAAAAAAAAAAAAAAAAAAA;full;2022-06-08 17:43:07.871763;
1;valid;AAAAAAAAAAAAAAAAAAAAAAAAAA;multi_received;
1;valid;2022-06-08 16:54:20.698918;full;2022-06-08 17:43:18.395936;
1;valid;AAAAAAAAAAAAAAAAAAAAAAAAAA;full;2022-06-08 17:43:23.106762;
1;valid;AAAAAAAAAAAAAAAAAAAAAAAAAA;full;2022-06-08 17:43:34.577857;
1;valid;DDDDDDDDDDDDDDDDDDDDDDDDDD;full;2022-06-08 17:43:40.810704;
1;valid;AAAAAAAAAAAAAAAAAAAAAAAAAA;full;2022-06-08 17:43:55.110921;
1;valid;AAAAAAAAAAAAAAAAAAAAAAAAAA;multi_received;
1;valid;2022-06-08 16:56:11.011387;full;2022-06-08 17:44:05.806024;
1;valid;AAAAAAAAAAAAAAAAAAAAAAAAAA;full;2022-06-08 17:44:10.590161;
1;valid;AAAAAAAAAAAAAAAAAAAAAAAAAA;multi_received;
1;valid;2022-06-08 16:56:31.060698;full;2022-06-08 17:44:16.897267;
1;valid;2022-06-08 16:57:21.191224;full;2022-06-08 17:44:21.229941;
1;valid;AAAAAAAAAAAAAAAAAAAAAAAAAA;full;2022-06-08 17:44:26.025351;
1;valid;2022-06-08 16:57:51.276751;full;2022-06-08 17:44:32.217364;
1;valid;AAAAAAAAAAAAAAAAAAAAAAAAAA;full;2022-06-08 17:44:41.562469;
1;valid;AAAAAAAAAAAAAAAAAAAAAAAAAA;multi_received;
1;valid;AAAAAAAAAAAAAAAAAAAAAAAAAA;full;2022-06-08 17:44:52.929836;
1;valid;AAAAAAAAAAAAAAAAAAAAAAAAAA;multi_received;
1;valid;DDDDDDDDDDDDDDDDDDDDDDDDDD;full;2022-06-08 17:45:15.005321;
1;valid;AAAAAAAAAAAAAAAAAAAAAAAAAA;full;2022-06-08 17:45:24.310851;
1;valid;AAAAAAAAAAAAAAAAAAAAAAAAAA;full;2022-06-08 17:45:31.120824;
1;valid;AAAAAAAAAAAAAAAAAAAAAAAAAA;full;2022-06-08 17:45:33.158870;
1;valid;AAAAAAAAAAAAAAAAAAAAAAAAAA;full;2022-06-08 17:45:46.876825;
1;valid;AAAAAAAAAAAAAAAAAAAAAAAAAA;multi_received;
1;valid;AAAAAAAAAAAAAAAAAAAAAAAAAA;full;2022-06-08 17:46:08.037267;
1;invalid;2022-06-08 17:46:18.016578
1;valid;AAAAAAAAAAAAAAAAAAAAAAAAAA;multi_received;
1;valid;AAAAAAAAAAAAAAAAAAAAAAAAAA;full;2022-06-08 17:46:29.528703;
1;valid;AAAAAAAAAAAAAAAAAAAAAAAAAA;multi_received;
1;valid;AAAAAAAAAAAAAAAAAAAAAAAAAA;multi_received;
1;valid;AAAAAAAAAAAAAAAAAAAAAAAAAA;full;2022-06-08 17:46:51.790999;
1;valid;AAAAAAAAAAAAAAAAAAAAAAAAAA;multi_received;
1;valid;AAAAAAAAAAAAAAAAAAAAAAAAAA;multi_received;
1;valid;AAAAAAAAAAAAAAAAAAAAAAAAAA;multi_received;
1;valid;AAAAAAAAAAAAAAAAAAAAAAAAAA;multi_received;
1;valid;AAAAAAAAAAAAAAAAAAAAAAAAAA;multi_received;
1;valid;AAAAAAAAAAAAAAAAAAAAAAAAAA;full;2022-06-08 17:47:42.387044;
1;valid;AAAAAAAAAAAAAAAAAAAAAAAAAA;multi_received;
